"location","price","property_type","postal_code","available","till_move_in_day","minimum_term","maximum_term","furnishings","occupation","gender","min_age","max_age","property_id"
Manchester,1039.20,Flat share,M15,"16/04/2023",0,5,0,Furnished,Student,No preference,,,1991
Manchester,699,House share,M20,"16/04/2023",0,0,0,Furnished,Don't mind,Female,"18",,1116
Manchester,650,House share,M43,"16/04/2023",0,6,0,Furnished,Professional,No preference,"18","35",1117
Manchester,600,Flat share,M21,"16/04/2023",0,6,0,Furnished,Don't mind,No preference,,,1121
Manchester,480,House rent,M20,"16/04/2023",0,6,0,Furnished,Don't mind,No preference,,,1125
Manchester,425,Flat share,M20,"16/04/2023",0,0,6,Furnished,Don't mind,No preference,"22","39",1126
Manchester,400,House share,M9,"16/04/2023",0,6,0,Furnished,Don't mind,No preference,"22","50",1127
Manchester,460,House share,M9,"16/04/2023",0,6,0,Furnished,Don't mind,No preference,"22","50",1128
Manchester,500,House share,M6,"16/04/2023",0,6,0,Furnished,Student,No preference,"18","60",1130
Manchester,495,Flat share,M6,"16/04/2023",0,6,0,Furnished,Student,No preference,"18",,1131
Manchester,495,House share,M6,"16/04/2023",0,6,0,Furnished,Student,No preference,"18","65",1133
Manchester,495,House rent,M12,"16/04/2023",0,6,0,Furnished,Don't mind,No preference,,,1134
Manchester,380,House share,M14,"16/04/2023",0,6,0,Furnished,Professional,No preference,"25",,1183
Manchester,610,House share,M21,"16/04/2023",0,0,0,Furnished,Don't mind,No preference,"19","99",1186
Manchester,650,Flat share,M16,"16/04/2023",0,0,0,Unfurnished,Don't mind,No preference,"20","50",1201
Manchester,650,Flat share,M20,"16/04/2023",0,12,0,Furnished,Don't mind,No preference,"20","30",1202
Manchester,700,Flat share,M5,"16/04/2023",0,5,5,Furnished,Professional,No preference,,,1203
Manchester,399,House share,M32,"16/04/2023",0,3,12,Furnished,Don't mind,Female,"20","50",1204
Manchester,600,House share,M22,"16/04/2023",0,12,0,Furnished,Don't mind,No preference,"18",,1206
Manchester,550,Flat share,M14,"16/04/2023",0,3,36,Furnished,Professional,No preference,"25","50",1207
Manchester,525,House share,M14,"16/04/2023",0,6,0,Furnished,Don't mind,No preference,"18","50",1208
Manchester,640,House share,M34,"16/04/2023",0,4,0,Furnished,Professional,No preference,,,1210
Manchester,560,Flat share,M20,"16/04/2023",0,6,0,Furnished,Don't mind,Female,"25","35",1212
Manchester,430,House share,M32,"16/04/2023",0,3,0,Furnished,Professional,No preference,"20","99",1216
Manchester,500,Flat share,M16,"16/04/2023",0,1,0,Furnished,Don't mind,No preference,"20","45",1217
Manchester,625,Flat share,M20,"16/04/2023",0,8,0,Furnished,Don't mind,No preference,"22","29",1224
Manchester,575,Flat share,M20,"16/04/2023",0,8,0,Furnished,Professional,No preference,"21","31",1225
Manchester,650,House share,M20,"16/04/2023",0,8,0,Furnished,Don't mind,Male,"20","30",1226
Manchester,800,House share,M11,"16/04/2023",0,0,12,Furnished,Don't mind,No preference,"20","40",1228
Manchester,468,House share,M14,"16/04/2023",0,0,0,Furnished,Don't mind,No preference,,,1235
Manchester,580,Shared property,M43,"16/04/2023",0,6,0,Furnished,Professional,No preference,"21",,1054
Manchester,600,Flat share,M15,"16/04/2023",0,11,0,Furnished,Professional,No preference,"25","35",1057
Manchester,395,House share,M6,"16/04/2023",0,6,12,Unfurnished,Don't mind,No preference,"18","22",1061
Manchester,550,Flat share,M15,"16/04/2023",0,4,0,Furnished,Don't mind,No preference,"18","99",1064
Manchester,699,House share,M20,"16/04/2023",0,0,0,Furnished,Don't mind,Female,"18",,1065
Manchester,575,House share,M5,"16/04/2023",0,4,0,Furnished,Don't mind,No preference,"18","65",1067
Manchester,600,Flat rent,M14,"01/07/2023",76,12,0,Furnished,Student,No preference,,,1058
Manchester,665,Flat share,M15,"16/04/2023",0,5,5,Furnished,Don't mind,No preference,"18","27",1068
Manchester,500,House share,M12,"16/04/2023",0,6,0,Furnished,Don't mind,Female,"19","28",1071
Manchester,550,Flat rent,M28,"16/04/2023",0,3,0,Furnished,Professional,No preference,,,1075
Manchester,403,House share,M5,"22/05/2023",36,0,0,Furnished,Don't mind,No preference,,,1063
Manchester,390,House share,M43,"11/05/2023",25,0,0,Furnished,Don't mind,No preference,"18","30",1066
Manchester,460,Flat share,M19,"16/04/2023",0,1,2,Furnished,Professional,No preference,"18","70",1079
Manchester,450,House share,M20,"01/06/2023",46,6,0,Furnished,Professional,No preference,"20","26",1070
Manchester,385,House share,M21,"12/06/2023",57,6,0,Furnished,Don't mind,No preference,,,1072
Manchester,600,House share,M11,"16/04/2023",0,0,0,Furnished,Professional,Female,,,1083
Manchester,550,Flat share,M4,"26/06/2023",71,12,0,Furnished,Professional,Female,"24","29",1074
Manchester,595,House share,M14,"01/05/2023",15,6,0,Furnished,Don't mind,No preference,"20","46",1076
Manchester,600,House share,M18,"30/04/2023",14,3,9,Furnished,Don't mind,No preference,"40","66",1077
Manchester,650,House share,M40,"16/04/2023",0,6,0,Furnished,Don't mind,Female,"28",,1236
Manchester,548,Flat share,M5,"23/04/2023",7,3,0,Furnished,Professional,No preference,"22","27",1080
Manchester,580,House share,M27,"30/04/2023",14,6,0,Furnished,Don't mind,No preference,"25","50",1081
Manchester,800,Flat share,M5,"01/08/2023",107,1,1,Furnished,Don't mind,No preference,"20","40",1082
Manchester,750,House share,M7,"05/05/2023",19,6,0,Furnished,Don't mind,No preference,"18","45",1084
Manchester,1000,Flat share,M4,"01/05/2023",15,3,6,Furnished,Don't mind,No preference,"21","45",1085
Manchester,725,Flat share,M1,"15/05/2023",29,6,0,Furnished,Professional,No preference,"26","40",1086
Manchester,298,Flat share,M21,"12/05/2023",26,6,0,Furnished,Professional,No preference,"23","32",1088
Manchester,400,Flat share,M5,"01/05/2023",15,6,0,Furnished,Professional,No preference,,,1091
Manchester,850,House share,M27,"16/04/2023",0,0,0,Furnished,Don't mind,No preference,"25",,1087
Manchester,550,Flat share,M15,"05/05/2023",19,6,0,Furnished,Don't mind,No preference,,,1093
Manchester,912,Flat share,M4,"16/04/2023",0,6,0,Furnished,Don't mind,No preference,,"35",1089
Manchester,600,Flat share,M14,"15/05/2023",29,3,4,Furnished,Don't mind,Female,"22","35",1096
Manchester,850,House share,M27,"16/04/2023",0,0,0,Furnished,Don't mind,No preference,"25",,1090
Manchester,550,House share,M6,"16/04/2023",0,0,0,Furnished,Don't mind,No preference,"25",,1095
Manchester,695,House share,M25,"29/05/2023",43,6,0,Furnished,Professional,No preference,"23","40",1099
Manchester,675,Flat share,M1,"22/06/2023",67,12,12,Furnished,Don't mind,No preference,,,1100
Manchester,525,Flat share,M5,"06/05/2023",20,1,0,Furnished,Professional,No preference,"26","30",1101
Manchester,400,Flat share,M13,"01/05/2023",15,3,0,Furnished,Don't mind,Male,"18","60",1102
Manchester,550,House share,M15,"20/04/2023",4,9,0,Furnished,Don't mind,No preference,,,1103
Manchester,500,Shared property,M13,"16/04/2023",0,3,0,Furnished,Professional,No preference,"21","49",1106
Manchester,600,House share,M7,"05/05/2023",19,6,0,Furnished,Professional,No preference,"20","40",1105
Manchester,750,Shared property,M5,"05/05/2023",19,6,0,Furnished,Professional,No preference,"20","35",1109
Manchester,875,Flat share,M15,"01/06/2023",46,6,0,Furnished,Professional,Female,"24","32",1110
Manchester,575,House share,M20,"28/04/2023",12,7,0,Furnished,Don't mind,No preference,"21","33",1112
Manchester,325,Flat share,M5,"15/05/2023",29,3,0,Furnished,Professional,No preference,"25","60",1114
Manchester,625,House share,M6,"08/05/2023",22,6,0,Furnished,Professional,No preference,"20","35",1115
Manchester,620,Shared property,M32,"16/04/2023",0,3,0,Furnished,Professional,No preference,"21","49",1107
Manchester,595,House share,M7,"16/04/2023",0,6,0,Furnished,Professional,No preference,"20","35",1108
Manchester,780,House share,M7,"01/05/2023",15,3,0,Furnished,Don't mind,No preference,,,1118
Manchester,575,House share,M6,"17/04/2023",1,12,0,Furnished,Don't mind,No preference,"18","30",1119
Manchester,920,House share,M30,"16/04/2023",0,0,0,Furnished,Don't mind,No preference,"18","75",1111
Manchester,450,Flat share,M32,"16/04/2023",0,7,0,Furnished,Professional,No preference,"21","50",1113
Manchester,600,Flat rent,M14,"01/05/2023",15,6,0,Furnished,Don't mind,No preference,,,1122
Manchester,600,Flat share,M20,"01/05/2023",15,6,0,Furnished,Don't mind,No preference,,,1123
Manchester,480,Flat share,M16,"01/05/2023",15,6,0,Furnished,Don't mind,No preference,,,1124
Manchester,500,Flat share,M32,"16/04/2023",0,0,0,Unfurnished,Don't mind,No preference,"22",,1238
Manchester,500,Flat share,M32,"16/04/2023",0,6,0,Unfurnished,Student,No preference,"25","30",1239
Manchester,455,Flat share,M14,"16/04/2023",0,0,0,Furnished,Don't mind,No preference,,,1255
Manchester,525,Flat share,M14,"16/04/2023",0,0,0,Furnished,Don't mind,No preference,,,1256
Manchester,460,House rent,M14,"01/07/2023",76,12,0,Furnished,Don't mind,No preference,,,1129
Manchester,600,House share,M6,"16/04/2023",0,6,0,Furnished,Don't mind,Female,"18","40",1261
Manchester,560,House share,M34,"16/04/2023",0,6,0,Furnished,Professional,No preference,"21","40",1262
Manchester,650,House share,M28,"16/04/2023",0,1,0,Furnished,Professional,No preference,"18","65",1264
Manchester,675,House share,M6,"16/04/2023",0,6,0,Furnished,Professional,No preference,"21","35",1267
Manchester,595,House share,M20,"16/04/2023",0,6,0,Furnished,Don't mind,No preference,"18","34",1268
Manchester,495,House rent,M13,"01/07/2023",76,10,0,Furnished,Don't mind,No preference,,,1135
Manchester,625,House share,M27,"16/04/2023",0,6,0,Furnished,Professional,No preference,"21","35",1269
Manchester,550,Flat share,M14,"16/04/2023",0,6,0,Furnished,Don't mind,No preference,"19","50",1138
Manchester,685,House share,M32,"16/04/2023",0,6,0,Furnished,Professional,No preference,"21",,1142
Manchester,550,Flat share,M16,"01/05/2023",15,0,0,Furnished,Don't mind,No preference,"18","30",1141
Manchester,550,House share,M4,"16/04/2023",0,3,0,Unfurnished,Don't mind,No preference,,,1144
Manchester,350,House share,M6,"11/06/2023",56,12,0,Furnished,Student,No preference,"18",,1147
Manchester,700,Flat share,M19,"16/04/2023",0,6,0,Furnished,Don't mind,No preference,"18",,1145
Manchester,420,House share,M5,"16/04/2023",0,12,0,Furnished,Professional,No preference,"18",,1146
Manchester,900,House share,M7,"16/04/2023",0,6,0,Furnished,Professional,No preference,"18","99",1149
Manchester,585,House share,M20,"16/04/2023",0,6,0,Furnished,Don't mind,No preference,"19","35",1153
Manchester,585,House share,M14,"16/04/2023",0,6,0,Furnished,Don't mind,No preference,"18","35",1154
Manchester,600,House share,M16,"16/04/2023",0,0,0,Furnished,Don't mind,No preference,"22","30",1164
Manchester,625,House share,M9,"16/04/2023",0,6,0,Furnished,Professional,No preference,"23","35",1165
Manchester,1100,Flat share,M13,"16/04/2023",0,0,0,Furnished,Don't mind,No preference,"21","65",1167
Manchester,695,House share,M5,"16/04/2023",0,6,0,Furnished,Don't mind,No preference,"22","35",1168
Manchester,650,House share,M5,"16/04/2023",0,6,0,Furnished,Professional,Female,"24","40",1169
Manchester,625,House share,M11,"16/04/2023",0,3,0,Furnished,Professional,No preference,"25","50",1172
Manchester,625,House share,M20,"16/04/2023",0,6,0,Furnished,Don't mind,No preference,"21",,1174
Manchester,625,Flat rent,M5,"16/04/2023",0,1,0,Furnished,Don't mind,No preference,,,1175
Manchester,500,Flat share,M4,"30/04/2023",14,3,0,Furnished,Professional,No preference,"25","45",1166
Manchester,650,House share,M14,"02/05/2023",16,3,0,Furnished,Don't mind,No preference,"18","65",1170
Manchester,560,House share,M13,"30/04/2023",14,6,0,Furnished,Don't mind,No preference,"18","40",1171
Manchester,525,House share,M29,"28/04/2023",12,6,0,Furnished,Professional,No preference,,,1173
Manchester,625,House rent,M30,"09/06/2023",54,1,0,Furnished,Don't mind,No preference,,,1177
Manchester,625,Flat rent,M20,"18/04/2023",2,6,12,Part Furnished,Don't mind,No preference,,,1181
Manchester,625,Flat rent,M1,"16/04/2023",0,1,0,Furnished,Don't mind,No preference,,,1176
Manchester,625,Flat rent,M1,"16/04/2023",0,1,0,Furnished,Don't mind,No preference,,,1178
Manchester,625,Flat rent,M4,"16/04/2023",0,1,0,Furnished,Don't mind,No preference,,,1179
Manchester,625,Flat rent,M4,"16/04/2023",0,1,0,Furnished,Don't mind,No preference,,,1180
Manchester,450,House share,M8,"01/05/2023",15,3,12,Furnished,Don't mind,Male,"25","99",1187
Manchester,450,House share,M26,"16/04/2023",0,6,0,Furnished,Don't mind,No preference,"20","59",1182
Manchester,495,Flat share,M6,"16/04/2023",0,6,0,Furnished,Professional,No preference,"21","35",1270
Manchester,600,House share,M30,"01/06/2023",46,3,0,Furnished,Don't mind,No preference,"25",,1190
Manchester,550,Flat share,M3,"01/05/2023",15,6,0,Furnished,Don't mind,Female,,,1192
Manchester,600,Flat rent,M14,"16/04/2023",0,3,0,Furnished,Student,No preference,,,1191
Manchester,550,House share,M22,"01/05/2023",15,3,12,Furnished,Professional,No preference,"18","45",1198
Manchester,390,House share,M19,"16/04/2023",0,4,0,Furnished,Don't mind,No preference,,,1193
Manchester,500,House share,M41,"16/04/2023",0,0,0,Furnished,Don't mind,No preference,"21","55",1194
Manchester,400,House share,M14,"16/04/2023",0,1,6,Furnished,Don't mind,No preference,"21","35",1195
Manchester,550,House share,M27,"16/04/2023",0,6,0,Furnished,Don't mind,No preference,"18","65",1196
Manchester,500,House share,M40,"16/04/2023",0,6,0,Furnished,Don't mind,Male,,,1199
Manchester,600,Flat share,M30,"16/04/2023",0,1,0,Furnished,Don't mind,No preference,,,1200
Manchester,625,House share,M30,"16/04/2023",0,6,0,Furnished,Professional,No preference,"21","35",1271
Manchester,475,House share,M6,"16/04/2023",0,6,0,Furnished,Professional,No preference,"21","35",1272
Manchester,800,Flat share,M15,"01/06/2023",46,6,0,Furnished,Professional,No preference,"21","33",1209
Manchester,560,House share,M20,"16/04/2023",0,6,0,Furnished,Don't mind,No preference,"21","35",1278
Manchester,660,House share,M13,"01/05/2023",15,6,0,Furnished,Professional,Male,"24","38",1211
Manchester,695,House share,M32,"16/04/2023",0,6,0,Furnished,Professional,No preference,"21","45",1283
Manchester,650,House share,M19,"13/05/2023",27,6,0,Furnished,Don't mind,Female,,,1213
Manchester,520,House share,M13,"01/07/2023",76,12,0,Furnished,Don't mind,Female,"18","26",1214
Manchester,525,Flat share,M4,"11/05/2023",25,0,0,Furnished,Professional,Female,"24","35",1215
Manchester,550,House share,M24,"16/04/2023",0,0,0,Furnished,Don't mind,No preference,,,1285
Manchester,785,House share,M16,"16/04/2023",0,0,0,Furnished,Professional,No preference,"40",,1286
Manchester,500,House rent,M19,"12/05/2023",26,6,0,Part Furnished,Professional,No preference,,,1218
Manchester,625,House share,M20,"01/05/2023",15,8,0,Furnished,Don't mind,Female,"22","32",1219
Manchester,650,House share,M20,"15/05/2023",29,8,0,Furnished,Don't mind,No preference,"22","31",1220
Manchester,550,House share,M25,"16/04/2023",0,0,0,Furnished,Professional,Female,"24","35",1287
Manchester,550,Flat share,M20,"15/05/2023",29,8,0,Furnished,Professional,Male,"22","30",1222
Manchester,575,House share,M21,"15/05/2023",29,8,0,Furnished,Professional,Male,"22","29",1223
Manchester,600,House share,M20,"16/04/2023",0,6,24,Furnished,Don't mind,No preference,"21","60",1288
Manchester,600,Flat rent,M18,"16/04/2023",0,6,12,Furnished,Professional,No preference,,,1289
Manchester,550,House share,M18,"16/04/2023",0,3,12,Furnished,Don't mind,No preference,"18","65",1290
Manchester,675,Flat share,M5,"24/05/2023",38,12,0,Furnished,Professional,Female,,,1227
Manchester,600,House share,M33,"16/04/2023",0,3,0,Furnished,Professional,Female,"18","45",1326
Manchester,750,Flat share,M16,"10/06/2023",55,6,0,Furnished,Professional,No preference,,,1229
Manchester,585,House share,M21,"18/04/2023",2,6,0,Furnished,Professional,Female,"24","33",1230
Manchester,600,Flat rent,M1,"16/04/2023",0,3,4,Furnished,Student,No preference,,,1327
Manchester,500,House share,M8,"16/04/2023",0,1,0,Furnished,Professional,No preference,"28",,1333
Manchester,550,Flat share,M26,"16/04/2023",0,6,0,Furnished,Don't mind,No preference,"18",,1334
Manchester,585,House share,M21,"06/05/2023",20,6,0,Furnished,Don't mind,No preference,,,1234
Manchester,800,House share,M20,"16/04/2023",0,6,0,Furnished,Professional,No preference,"22","35",1336
Manchester,550,Flat share,M3,"16/04/2023",0,12,0,Furnished,Professional,No preference,"25","30",1338
Manchester,650,Flat rent,M28,"15/05/2023",29,6,6,Furnished,Professional,No preference,,,1237
Manchester,675,House share,M33,"16/04/2023",0,6,0,Furnished,Professional,Female,"26","41",1367
Manchester,675,House share,M21,"16/04/2023",0,3,0,Furnished,Don't mind,No preference,,,1368
Manchester,650,Flat share,M5,"19/05/2023",33,12,0,Furnished,Professional,No preference,"24","30",1240
Manchester,350,House share,M28,"01/05/2023",15,0,0,Furnished,Professional,Female,"20","35",1243
Manchester,600,Flat share,M13,"16/04/2023",0,10,0,Furnished,Student,Female,"18","24",1241
Manchester,550,House share,M11,"01/05/2023",15,6,0,Furnished,Professional,Female,"23","35",1245
Manchester,490,Flat share,M5,"01/07/2023",76,2,2,Furnished,Don't mind,Female,,,1246
Manchester,300,House share,M27,"01/05/2023",15,6,12,Furnished,Professional,Male,,"35",1247
Manchester,1050,Flat share,M15,"12/06/2023",57,3,3,Furnished,Student,No preference,,,1251
Manchester,350,House share,M19,"01/05/2023",15,6,0,Furnished,Don't mind,No preference,"20","40",1254
Manchester,875,House share,M7,"16/04/2023",0,6,0,Furnished,Don't mind,No preference,"25","55",1242
Manchester,689,House share,M20,"16/04/2023",0,6,0,Furnished,Professional,Female,"21","34",1248
Manchester,700,House share,M19,"16/04/2023",0,0,0,Furnished,Don't mind,No preference,"20","66",1249
Manchester,595,House share,M14,"01/05/2023",15,6,0,Furnished,Don't mind,No preference,"20","46",1258
Manchester,600,House share,M24,"24/04/2023",8,12,0,Furnished,Professional,No preference,"18","60",1259
Manchester,650,Flat share,M4,"16/04/2023",0,0,0,Furnished,Don't mind,No preference,"24","60",1250
Manchester,1350,Flat share,M4,"16/04/2023",0,0,0,Furnished,Don't mind,No preference,,,1252
Manchester,650,House share,M23,"16/04/2023",0,0,3,Furnished,Professional,No preference,"26","46",1253
Manchester,590,House share,M21,"01/06/2023",46,3,15,Furnished,Professional,Female,"21","26",1263
Manchester,480,House share,M14,"16/04/2023",0,9,0,Furnished,Don't mind,No preference,"23","36",1369
Manchester,525,Shared property,M20,"01/06/2023",46,8,0,Furnished,Professional,Female,"21","29",1265
Manchester,675,House share,M20,"01/06/2023",46,8,0,Furnished,Professional,Female,"25","30",1266
Manchester,300,Flat share,M15,"16/04/2023",0,3,4,Furnished,Don't mind,Female,"21",,1371
Manchester,500,Flat share,M21,"16/04/2023",0,3,0,Furnished,Professional,Female,"27","35",1382
Manchester,790,Flat share,M50,"16/04/2023",0,0,0,Furnished,Don't mind,No preference,"18","35",1385
Manchester,600,Flat share,M4,"16/04/2023",0,1,4,Furnished,Don't mind,Male,"18","40",1386
Manchester,849,House share,M27,"16/04/2023",0,0,0,Furnished,Don't mind,No preference,,,1420
Manchester,550,Shared property,M16,"16/04/2023",0,6,0,Furnished,Professional,No preference,,,1422
Manchester,575,Flat share,M6,"01/05/2023",15,6,0,Furnished,Professional,No preference,"21","42",1273
Manchester,650,House share,M14,"21/07/2023",96,6,0,Furnished,Professional,No preference,"21","35",1274
Manchester,550,House share,M11,"16/04/2023",0,1,0,Furnished,Don't mind,Male,"21","40",1431
Manchester,595,Flat share,M4,"16/04/2023",0,0,0,Unfurnished,Professional,No preference,"22","32",1433
Manchester,635,House share,M20,"01/07/2023",76,12,12,Furnished,Student,No preference,"18","25",1277
Manchester,450,House share,M40,"16/04/2023",0,3,0,Furnished,Don't mind,Male,"18","65",1435
Manchester,530,House share,M20,"05/05/2023",19,6,0,Furnished,Professional,No preference,"21","35",1279
Manchester,550,House share,M32,"01/05/2023",15,6,0,Furnished,Professional,No preference,"21","45",1280
Manchester,375,Flat share,M5,"16/04/2023",0,0,0,Furnished,Don't mind,No preference,,,1453
Manchester,575,House share,M20,"19/04/2023",3,3,4,Furnished,Professional,No preference,"23","40",1282
Manchester,600,Flat share,M32,"16/04/2023",0,0,12,Furnished,Professional,No preference,"24","32",1454
Manchester,475,House share,M14,"05/08/2023",111,10,0,Furnished,Student,No preference,"18","65",1284
Manchester,595,Flat share,M9,"16/04/2023",0,6,0,Furnished,Don't mind,No preference,"18",,1459
Manchester,700,House share,M3,"16/04/2023",0,6,36,Unfurnished,Professional,No preference,"25",,1463
Manchester,515,House share,M6,"16/04/2023",0,3,0,Furnished,Don't mind,No preference,"23",,1465
Manchester,550,House share,M11,"16/04/2023",0,6,0,Furnished,Professional,No preference,"25","50",1467
Manchester,550,House share,M14,"16/04/2023",0,0,0,Furnished,Don't mind,No preference,,,1469
Manchester,400,Flat share,M5,"16/04/2023",0,3,0,Furnished,Don't mind,No preference,"21","35",1470
Manchester,597,Flat share,M4,"16/04/2023",0,0,0,Furnished,Professional,No preference,,,1471
Manchester,525,Flat share,M15,"07/05/2023",21,6,0,Furnished,Don't mind,No preference,"20",,1291
Manchester,450,Flat rent,M3,"16/04/2023",0,0,0,Furnished,Don't mind,No preference,,,1296
Manchester,900,Flat share,M1,"22/06/2023",67,6,0,Furnished,Professional,Female,"25","40",1293
Manchester,500,Flat share,M15,"30/04/2023",14,7,0,Furnished,Don't mind,Male,"24","34",1294
Manchester,450,Flat share,M3,"01/07/2023",76,0,0,Furnished,Don't mind,Female,"24","28",1295
Manchester,553,House share,M13,"01/07/2023",76,12,0,Furnished,Student,No preference,"18","25",1297
Manchester,525,House share,M19,"20/04/2023",4,3,0,Furnished,Don't mind,No preference,"26",,1299
Manchester,675,House share,M16,"16/04/2023",0,6,0,Furnished,Professional,No preference,"30","50",1298
Manchester,625,Flat share,M4,"16/04/2023",0,6,0,Furnished,Professional,No preference,"28","40",1300
Manchester,550,House share,M16,"15/06/2023",60,0,6,Furnished,Don't mind,Female,,,1303
Manchester,500,Flat share,M22,"20/05/2023",34,1,2,Furnished,Don't mind,Female,"21","30",1304
Manchester,650,House share,M15,"01/09/2023",138,0,12,Furnished,Don't mind,No preference,"18","28",1305
Manchester,500,House share,M14,"30/04/2023",14,0,0,Furnished,Don't mind,No preference,"20","40",1306
Manchester,750,Flat share,M5,"16/04/2023",0,2,0,Furnished,Professional,No preference,"22","60",1309
Manchester,330,House share,M40,"16/04/2023",0,6,0,Furnished,Don't mind,Female,"20","35",1313
Manchester,200,House share,M7,"16/04/2023",0,6,12,Furnished,Don't mind,No preference,"20","34",1316
Manchester,400,House share,M5,"29/07/2023",104,6,0,Furnished,Don't mind,No preference,"25","45",1311
Manchester,525,House share,M14,"09/05/2023",23,5,0,Furnished,Don't mind,No preference,,"25",1312
Manchester,650,House share,M29,"01/05/2023",15,6,0,Furnished,Don't mind,No preference,,,1314
Manchester,540,Flat share,M1,"12/06/2023",57,2,3,Furnished,Student,No preference,,,1315
Manchester,450,House share,M6,"16/04/2023",0,6,0,Furnished,Don't mind,No preference,"25","35",1317
Manchester,900,House share,M7,"16/04/2023",0,3,0,Furnished,Don't mind,No preference,,,1319
Manchester,500,Flat share,M7,"19/04/2023",3,2,4,Furnished,Don't mind,No preference,"19",,1322
Manchester,700,Flat share,M15,"16/04/2023",0,6,0,Furnished,Don't mind,No preference,"19","60",1320
Manchester,450,House share,M20,"16/04/2023",0,7,7,Furnished,Professional,Female,"21","27",1323
Manchester,450,House share,M27,"17/04/2023",1,6,0,Furnished,Professional,Female,"25","40",1328
Manchester,550,House share,M5,"30/06/2023",75,4,12,Furnished,Don't mind,No preference,"20","45",1329
Manchester,600,House share,M13,"20/04/2023",4,6,0,Furnished,Professional,No preference,"18","99",1330
Manchester,150,House share,M14,"08/07/2023",83,12,12,Furnished,Student,Male,"20","24",1331
Manchester,430,House share,M21,"22/04/2023",6,6,0,Furnished,Professional,No preference,"20","31",1332
Manchester,750,Flat share,M6,"16/04/2023",0,0,0,Furnished,Don't mind,No preference,"20","65",1324
Manchester,650,House share,M21,"16/04/2023",0,0,0,Furnished,Don't mind,No preference,,,1325
Manchester,495,House share,M35,"01/05/2023",15,6,0,Furnished,Professional,No preference,"20","35",1335
Manchester,650,Flat share,M8,"16/04/2023",0,1,2,Furnished,Professional,No preference,"20","37",1474
Manchester,525,House share,M20,"01/05/2023",15,0,0,Furnished,Don't mind,Female,"26","34",1337
Manchester,650,Flat share,M8,"16/04/2023",0,0,0,Furnished,Don't mind,No preference,,,1475
Manchester,550,House share,M16,"16/04/2023",0,6,0,Furnished,Professional,No preference,"21","60",1478
Manchester,600,House share,M19,"16/04/2023",0,3,0,Furnished,Professional,No preference,,,1480
Manchester,560,House share,M20,"16/04/2023",0,12,0,Furnished,Don't mind,No preference,"22","32",1482
Manchester,605,Flat share,M5,"20/06/2023",65,0,0,Furnished,Professional,No preference,"24","30",1342
Manchester,650,Flat share,M30,"01/05/2023",15,12,0,Furnished,Don't mind,No preference,"23","65",1343
Manchester,625,House share,M30,"16/04/2023",0,6,0,Furnished,Professional,No preference,"18","45",1346
Manchester,500,Shared property,M30,"16/04/2023",0,6,0,Furnished,Professional,No preference,"22","40",1349
Manchester,520,Flat share,M30,"09/05/2023",23,6,0,Furnished,Professional,No preference,"21","50",1347
Manchester,525,House share,M24,"30/04/2023",14,6,0,Furnished,Professional,No preference,"21","50",1348
Manchester,620,Flat share,M16,"01/05/2023",15,1,2,Furnished,Don't mind,No preference,,,1353
Manchester,675,House share,M6,"01/05/2023",15,3,0,Furnished,Don't mind,No preference,"22","39",1354
Manchester,500,House share,M13,"01/07/2023",76,12,0,Furnished,Don't mind,No preference,"20","30",1357
Manchester,450,House share,M28,"20/04/2023",4,6,0,Furnished,Professional,No preference,"18",,1358
Manchester,520,House share,M44,"16/04/2023",0,6,0,Furnished,Professional,No preference,"19","40",1350
Manchester,550,House share,M30,"16/04/2023",0,6,0,Furnished,Don't mind,No preference,"21","41",1351
Manchester,550,Shared property,M26,"16/04/2023",0,6,12,Furnished,Don't mind,No preference,,,1352
Manchester,1150,Flat share,M4,"16/04/2023",0,0,3,Furnished,Don't mind,No preference,"26","60",1355
Manchester,758,Flat share,M6,"31/08/2023",137,0,0,Furnished,Student,No preference,,,1366
Manchester,580,Shared property,M43,"16/04/2023",0,6,0,Furnished,Professional,No preference,"21",,1356
Manchester,530,House share,M6,"16/04/2023",0,6,0,Furnished,Professional,No preference,"22","48",1359
Manchester,650,House share,M15,"16/04/2023",0,3,24,Furnished,Don't mind,No preference,"18","50",1361
Manchester,756,Flat share,M1,"06/05/2023",20,0,0,Furnished,Don't mind,No preference,,,1370
Manchester,900,Flat share,M30,"16/04/2023",0,0,0,Furnished,Professional,No preference,"32","64",1365
Manchester,300,House rent,M20,"01/06/2023",46,1,3,Furnished,Don't mind,No preference,,,1372
Manchester,600,House share,M45,"01/07/2023",76,1,11,Furnished,Don't mind,No preference,"20","40",1373
Manchester,550,Flat share,M15,"01/06/2023",46,12,0,Unfurnished,Don't mind,No preference,"25","32",1374
Manchester,350,Flat share,M19,"06/05/2023",20,0,2,Furnished,Don't mind,No preference,,,1375
Manchester,540,House share,M14,"16/04/2023",0,1,3,Furnished,Don't mind,No preference,,,1483
Manchester,700,Flat share,M15,"23/04/2023",7,1,6,Furnished,Professional,Female,"23","31",1377
Manchester,550,House share,M20,"16/04/2023",0,1,3,Furnished,Don't mind,No preference,,,1484
Manchester,450,Flat share,M5,"18/04/2023",2,1,0,Furnished,Professional,Female,"18","45",1379
Manchester,470,House share,M22,"16/04/2023",0,1,3,Furnished,Don't mind,No preference,"20","45",1487
Manchester,785,Flat share,M4,"30/04/2023",14,12,0,Furnished,Don't mind,No preference,"21","40",1381
Manchester,495,House share,M6,"16/04/2023",0,6,0,Furnished,Professional,No preference,"20","45",1491
Manchester,650,House share,M8,"10/05/2023",24,3,0,Furnished,Don't mind,Female,"18","26",1383
Manchester,650,Flat rent,M4,"01/05/2023",15,12,0,Part Furnished,Professional,No preference,,,1384
Manchester,695,Flat share,M14,"16/04/2023",0,6,0,Furnished,Professional,Female,"19","39",1492
Manchester,675,Flat rent,M14,"16/04/2023",0,0,0,Furnished,Don't mind,No preference,,,1525
Manchester,650,Flat share,M28,"17/04/2023",1,0,3,Furnished,Don't mind,No preference,,,1387
Manchester,500,Flat share,M3,"03/07/2023",78,0,0,Furnished,Professional,No preference,"25","65",1388
Manchester,563,Flat share,M3,"22/05/2023",36,0,0,Furnished,Professional,No preference,,,1389
Manchester,575,Flat share,M3,"15/05/2023",29,3,0,Furnished,Professional,No preference,"25","40",1390
Manchester,400,Flat share,M14,"01/06/2023",46,2,2,Unfurnished,Don't mind,No preference,,,1391
Manchester,650,Flat share,M6,"22/04/2023",6,0,0,Furnished,Professional,No preference,"25","40",1392
Manchester,595,House share,M14,"12/05/2023",26,0,0,Furnished,Don't mind,No preference,,,1393
Manchester,397,Flat share,M15,"12/05/2023",26,6,0,Furnished,Professional,Female,"22","35",1398
Manchester,700,House share,M27,"16/04/2023",0,2,0,Furnished,Don't mind,No preference,"22","35",1394
Manchester,437,Flat share,M20,"01/06/2023",46,7,0,Furnished,Professional,Female,"23",,1400
Manchester,437,Flat rent,M14,"23/04/2023",7,1,4,Furnished,Student,No preference,,,1401
Manchester,700,Flat share,M5,"02/06/2023",47,6,0,Furnished,Professional,Female,"22","32",1402
Manchester,650,House share,M30,"01/05/2023",15,0,3,Furnished,Professional,No preference,"18","36",1403
Manchester,650,Flat rent,M16,"22/04/2023",6,4,5,Furnished,Professional,No preference,,,1404
Manchester,1000,Flat share,M3,"08/05/2023",22,2,2,Furnished,Don't mind,Female,"18","50",1407
Manchester,618,House share,M30,"06/05/2023",20,9,0,Furnished,Don't mind,No preference,"18","65",1408
Manchester,500,Flat share,M1,"26/04/2023",10,0,0,Furnished,Don't mind,Female,,,1409
Manchester,800,Flat share,M5,"11/06/2023",56,12,12,Furnished,Don't mind,Female,"21","32",1410
Manchester,500,Flat share,M30,"16/04/2023",0,0,0,Furnished,Don't mind,Female,,,1395
Manchester,500,Flat rent,M4,"16/04/2023",0,1,3,Furnished,Professional,No preference,,,1396
Manchester,708,Flat share,M3,"04/08/2023",110,0,0,Furnished,Professional,No preference,"18","35",1415
Manchester,775,Flat share,M4,"24/05/2023",38,6,0,Furnished,Don't mind,No preference,,,1416
Manchester,775,House rent,M6,"28/04/2023",12,6,12,Part Furnished,Don't mind,No preference,,,1418
Manchester,650,House share,M6,"01/05/2023",15,3,0,Furnished,Don't mind,No preference,,,1419
Manchester,500,House rent,M5,"16/04/2023",0,12,0,Unfurnished,Don't mind,No preference,,,1397
Manchester,725,House share,M32,"01/05/2023",15,6,0,Furnished,Don't mind,No preference,"23","38",1421
Manchester,470,Shared property,M32,"16/04/2023",0,0,6,Unfurnished,Don't mind,No preference,"22",,1405
Manchester,550,House share,M16,"01/06/2023",46,3,0,Furnished,Don't mind,No preference,"25","50",1423
Manchester,650,Flat share,M32,"17/04/2023",1,6,0,Furnished,Don't mind,No preference,"18",,1424
Manchester,500,House share,M30,"16/04/2023",0,6,0,Furnished,Don't mind,Female,"27","65",1406
Manchester,520,House share,M6,"01/05/2023",15,12,0,Furnished,Professional,Male,,,1426
Manchester,625,Flat share,M15,"30/04/2023",14,0,0,Furnished,Don't mind,No preference,"23","35",1427
Manchester,700,Flat share,M14,"12/06/2023",57,4,0,Furnished,Don't mind,No preference,"22","40",1428
Manchester,473,Flat share,M16,"07/08/2023",113,7,0,Furnished,Student,Female,,,1429
Manchester,700,Flat share,M3,"01/05/2023",15,0,0,Furnished,Professional,No preference,"22","42",1430
Manchester,750,Flat share,M19,"16/04/2023",0,0,0,Furnished,Professional,No preference,"25","45",1411
Manchester,650,House share,M26,"16/04/2023",0,0,0,Furnished,Don't mind,No preference,"21","35",1414
Manchester,775,House rent,M6,"16/04/2023",0,6,6,Unfurnished,Don't mind,No preference,,,1417
Manchester,400,Flat share,M6,"16/04/2023",0,3,0,Furnished,Don't mind,No preference,"22","35",1529
Manchester,550,House share,M15,"16/04/2023",0,6,0,Furnished,Don't mind,No preference,"18","45",1533
Manchester,550,Flat share,M5,"16/04/2023",0,9,0,Furnished,Professional,Male,"28","48",1536
Manchester,591,Flat share,M5,"29/05/2023",43,6,0,Furnished,Don't mind,No preference,"18","28",1437
Manchester,600,Flat share,M4,"10/06/2023",55,12,0,Unfurnished,Professional,No preference,"22","29",1438
Manchester,540,Flat share,M21,"08/05/2023",22,6,0,Furnished,Professional,Female,"24","32",1439
Manchester,480,Flat share,M13,"16/04/2023",0,6,0,Furnished,Don't mind,Female,"19","45",1537
Manchester,400,Flat share,M15,"21/05/2023",35,0,0,Furnished,Don't mind,No preference,,,1441
Manchester,400,Flat rent,M14,"25/04/2023",9,4,4,Furnished,Don't mind,No preference,,,1442
Manchester,575,Flat share,M3,"16/04/2023",0,0,0,Furnished,Professional,No preference,"25",,1538
Manchester,300,House share,M8,"16/04/2023",0,1,0,Unfurnished,Don't mind,No preference,,,1445
Manchester,437,Flat share,M16,"30/04/2023",14,5,12,Furnished,Student,Female,"18","28",1444
Manchester,850,House share,M6,"16/04/2023",0,1,6,Furnished,Don't mind,No preference,"18","65",1447
Manchester,480,House share,M21,"01/06/2023",46,0,0,Furnished,Don't mind,No preference,"21","29",1448
Manchester,500,House share,M14,"01/07/2023",76,12,12,Furnished,Don't mind,No preference,,,1450
Manchester,500,House share,M15,"16/04/2023",0,1,6,Furnished,Don't mind,No preference,"23","50",1449
Manchester,468,House share,M14,"16/04/2023",0,0,5,Furnished,Professional,No preference,"18","30",1451
Manchester,450,House share,M16,"16/04/2023",0,0,0,Furnished,Don't mind,No preference,,,1452
Manchester,700,House share,M6,"01/06/2023",46,2,0,Furnished,Don't mind,Female,"28","45",1456
Manchester,650,House share,M8,"20/04/2023",4,3,0,Furnished,Professional,No preference,"27","40",1457
Manchester,600,House share,M21,"16/04/2023",0,3,0,Furnished,Don't mind,Male,"18","70",1539
Manchester,950,Flat share,M50,"16/04/2023",0,6,0,Furnished,Don't mind,No preference,"18",,1540
Manchester,676,Flat share,M3,"01/06/2023",46,6,6,Furnished,Professional,Male,"23","36",1460
Manchester,450,House share,M8,"01/05/2023",15,3,0,Furnished,Don't mind,Female,,,1461
Manchester,375,Flat share,M15,"21/06/2023",66,6,0,Furnished,Professional,Female,"23","30",1462
Manchester,500,House share,M41,"16/04/2023",0,6,0,Furnished,Professional,No preference,,,1544
Manchester,415,House share,M7,"01/05/2023",15,12,0,Furnished,Professional,No preference,"26","99",1464
Manchester,700,House share,M21,"16/04/2023",0,0,0,Furnished,Professional,Female,"30","99",1564
Manchester,300,House share,M24,"30/04/2023",14,3,0,Furnished,Don't mind,Female,"22","35",1466
Manchester,800,House share,M40,"16/04/2023",0,0,0,Furnished,Professional,No preference,"28","40",1565
Manchester,500,House share,M6,"01/06/2023",46,1,2,Furnished,Don't mind,Female,"18","25",1468
Manchester,600,House share,M45,"16/04/2023",0,0,0,Furnished,Don't mind,No preference,,,1570
Manchester,650,Flat share,M8,"16/04/2023",0,5,0,Furnished,Don't mind,Female,"19","25",1571
Manchester,850,House share,M12,"16/04/2023",0,1,0,Furnished,Don't mind,No preference,"21",,1576
Manchester,900,Flat share,M3,"01/05/2023",15,12,0,Furnished,Professional,Female,"24","33",1472
Manchester,435,House share,M9,"20/04/2023",4,6,0,Furnished,Professional,Female,"21","31",1473
Manchester,850,House rent,M14,"16/04/2023",0,3,12,Furnished,Don't mind,No preference,,,1577
Manchester,600,Flat share,M5,"16/04/2023",0,3,0,Furnished,Don't mind,Female,"18","28",1580
Manchester,650,Flat rent,M1,"14/06/2023",59,1,2,Furnished,Professional,No preference,,,1476
Manchester,350,House share,M16,"30/05/2023",44,3,0,Furnished,Professional,No preference,"20","38",1477
Manchester,475,House share,M28,"16/04/2023",0,6,0,Furnished,Professional,No preference,"30",,1582
Manchester,475,Flat share,M14,"16/04/2023",0,6,0,Furnished,Don't mind,No preference,"19","46",1583
Manchester,600,House share,M23,"16/04/2023",0,1,0,Furnished,Professional,No preference,"35",,1585
Manchester,550,House share,M20,"04/05/2023",18,12,0,Furnished,Professional,No preference,"22","34",1481
Manchester,695,House share,M32,"16/04/2023",0,0,0,Furnished,Professional,No preference,"21","35",1587
Manchester,500,House share,M16,"16/04/2023",0,0,3,Furnished,Don't mind,No preference,,,1589
Manchester,700,Flat share,M30,"16/04/2023",0,6,6,Furnished,Don't mind,Female,"18","40",1591
Manchester,850,Flat share,M15,"17/06/2023",62,12,0,Furnished,Don't mind,Female,"20","30",1485
Manchester,580,Flat share,M4,"06/05/2023",20,12,0,Unfurnished,Don't mind,No preference,"22","29",1486
Manchester,697,Flat share,M5,"16/04/2023",0,12,12,Furnished,Don't mind,No preference,"20","24",1616
Manchester,288,House share,M34,"17/04/2023",1,0,0,Furnished,Professional,No preference,"30","99",1488
Manchester,625,House share,M33,"15/05/2023",29,6,0,Furnished,Professional,No preference,,,1489
Manchester,700,House share,M14,"30/04/2023",14,6,0,Furnished,Don't mind,No preference,"18","40",1490
Manchester,495,House share,M21,"16/04/2023",0,0,0,Furnished,Professional,Female,"27",,1618
Manchester,630,Flat share,M1,"16/04/2023",0,0,12,Furnished,Don't mind,No preference,,,1620
Manchester,575,House share,M21,"06/05/2023",20,6,0,Furnished,Professional,No preference,"18","39",1493
Manchester,550,Flat share,M3,"15/07/2023",90,6,12,Furnished,Professional,No preference,"21","30",1498
Manchester,520,Flat share,M3,"21/05/2023",35,6,0,Furnished,Don't mind,No preference,"20","30",1499
Manchester,695,Flat share,M5,"16/04/2023",0,3,0,Furnished,Professional,No preference,"21",,1494
Manchester,595,Flat share,M1,"16/04/2023",0,3,0,Furnished,Don't mind,No preference,"18","36",1495
Manchester,500,Flat share,M15,"17/04/2023",1,11,0,Furnished,Professional,No preference,"21","36",1505
Manchester,650,Flat share,M1,"07/05/2023",21,0,0,Furnished,Professional,Male,"24","30",1506
Manchester,550,Flat share,M3,"01/05/2023",15,5,0,Furnished,Professional,Female,"23","29",1507
Manchester,625,Flat share,M5,"27/05/2023",41,6,0,Furnished,Don't mind,No preference,,,1508
Manchester,800,Flat share,M3,"16/04/2023",0,0,6,Furnished,Don't mind,No preference,,,1496
Manchester,425,Flat share,M16,"01/06/2023",46,3,0,Furnished,Student,Male,"18",,1512
Manchester,500,House share,M6,"16/04/2023",0,0,0,Furnished,Professional,No preference,,,1497
Manchester,520,Flat rent,M14,"16/04/2023",0,7,7,Furnished,Don't mind,No preference,,,1500
Manchester,575,House share,M20,"01/05/2023",15,9,0,Furnished,Don't mind,No preference,,,1515
Manchester,475,House share,M20,"01/06/2023",46,12,0,Furnished,Professional,No preference,"23","29",1516
Manchester,450,Flat share,M4,"12/06/2023",57,12,0,Furnished,Professional,No preference,"18",,1517
Manchester,550,House share,M26,"16/04/2023",0,0,0,Furnished,Don't mind,Female,"30",,1501
Manchester,476,House share,M14,"01/06/2023",46,2,2,Furnished,Don't mind,No preference,,,1522
Manchester,630,Flat share,M15,"05/06/2023",50,6,0,Furnished,Professional,Female,"22","32",1523
Manchester,675,Flat share,M15,"13/05/2023",27,0,12,Unfurnished,Don't mind,No preference,"26",,1524
Manchester,650,House share,M25,"16/04/2023",0,3,0,Furnished,Professional,Female,"20","35",1502
Manchester,470,Flat share,M13,"01/07/2023",76,12,0,Furnished,Don't mind,No preference,,"30",1526
Manchester,740,Flat share,M14,"01/07/2023",76,2,2,Furnished,Student,No preference,,,1527
Manchester,595,Flat share,M15,"27/04/2023",11,1,1,Furnished,Don't mind,No preference,"20","40",1528
Manchester,600,House share,M28,"16/04/2023",0,0,0,Furnished,Don't mind,No preference,"20","60",1510
Manchester,600,Flat rent,M5,"16/04/2023",0,6,36,Furnished,Professional,No preference,,,1511
Manchester,450,House share,M19,"16/04/2023",0,6,0,Unfurnished,Don't mind,No preference,"24","35",1518
Manchester,500,Flat share,M24,"16/04/2023",0,0,0,Furnished,Don't mind,No preference,"18","55",1519
Manchester,500,Flat share,M33,"16/04/2023",0,1,0,Furnished,Don't mind,Female,"25","60",1520
Manchester,525,House share,M30,"01/05/2023",15,6,0,Furnished,Professional,No preference,"21","35",1534
Manchester,450,Flat share,M6,"16/04/2023",0,5,5,Furnished,Don't mind,No preference,"18",,1622
Manchester,550,Flat share,M3,"16/04/2023",0,0,0,Furnished,Don't mind,No preference,,"40",1626
Manchester,800,Flat rent,M1,"16/04/2023",0,6,0,Furnished,Don't mind,No preference,,,1628
Manchester,470,Flat share,M4,"16/04/2023",0,2,0,Furnished,Professional,Female,,,1631
Manchester,750,Flat share,M5,"16/04/2023",0,2,0,Furnished,Professional,No preference,"24","40",1633
Manchester,560,House share,M14,"16/04/2023",0,0,0,Furnished,Don't mind,No preference,,,1634
Manchester,550,House share,M14,"16/04/2023",0,0,0,Furnished,Don't mind,No preference,,,1635
Manchester,550,House share,M20,"01/05/2023",15,0,6,Furnished,Professional,No preference,"22","40",1542
Manchester,525,Flat share,M5,"01/05/2023",15,6,0,Furnished,Professional,No preference,,,1543
Manchester,550,House rent,M35,"16/04/2023",0,3,0,Furnished,Don't mind,No preference,,,1636
Manchester,675,House share,M26,"16/04/2023",0,3,0,Furnished,Professional,Female,,,1638
Manchester,600,Flat share,M50,"09/06/2023",54,2,0,Furnished,Don't mind,No preference,,,1546
Manchester,650,Flat share,M4,"10/05/2023",24,0,0,Furnished,Don't mind,Female,,,1547
Manchester,643,Flat share,M5,"20/04/2023",4,0,0,Furnished,Don't mind,Female,"20","29",1548
Manchester,575,Flat share,M50,"07/05/2023",21,0,0,Furnished,Don't mind,No preference,,,1551
Manchester,550,Flat share,M3,"18/06/2023",63,12,0,Furnished,Student,No preference,"20","23",1552
Manchester,500,House share,M33,"16/04/2023",0,6,0,Furnished,Professional,No preference,,,1545
Manchester,750,Flat share,M5,"03/05/2023",17,1,3,Furnished,Don't mind,No preference,"19","30",1554
Manchester,800,House share,M4,"24/04/2023",8,8,0,Furnished,Don't mind,No preference,,,1557
Manchester,850,Flat share,M1,"01/05/2023",15,6,0,Furnished,Don't mind,No preference,"21","40",1559
Manchester,600,House share,M20,"30/04/2023",14,3,0,Furnished,Professional,No preference,"21","40",1560
Manchester,600,House share,M14,"16/04/2023",0,6,0,Furnished,Professional,Female,"20","50",1549
Manchester,800,House share,M35,"16/04/2023",0,0,0,Furnished,Professional,No preference,"18",,1550
Manchester,455,House share,M20,"16/04/2023",0,6,0,Furnished,Professional,Female,"24","30",1555
Manchester,600,Flat share,M8,"09/05/2023",23,4,0,Furnished,Professional,Female,"18","25",1567
Manchester,750,House share,M27,"16/04/2023",0,6,0,Furnished,Don't mind,Male,"23","50",1556
Manchester,650,Flat share,M4,"01/07/2023",76,12,0,Furnished,Professional,No preference,"23","29",1569
Manchester,550,Flat share,M5,"16/04/2023",0,2,0,Furnished,Don't mind,No preference,,,1558
Manchester,550,Flat share,M30,"16/04/2023",0,12,15,Furnished,Don't mind,No preference,"18","60",1561
Manchester,760,Flat share,M3,"31/05/2023",45,12,0,Furnished,Professional,No preference,,,1572
Manchester,525,Flat share,M4,"01/07/2023",76,12,0,Furnished,Professional,No preference,"22","30",1573
Manchester,500,House share,M14,"16/04/2023",0,6,0,Furnished,Professional,No preference,"21","35",1562
Manchester,775,Flat share,M15,"01/05/2023",15,5,5,Furnished,Professional,No preference,,,1575
Manchester,800,Flat share,M3,"16/04/2023",0,0,6,Furnished,Don't mind,No preference,,,1566
Manchester,465,Flat share,M18,"16/04/2023",0,6,0,Furnished,Don't mind,Male,,,1639
Manchester,600,House share,M30,"30/04/2023",14,6,0,Unfurnished,Professional,No preference,"30","40",1578
Manchester,600,Flat share,M23,"16/04/2023",0,6,0,Furnished,Professional,Female,,,1642
Manchester,429,House share,M24,"16/04/2023",0,6,0,Furnished,Don't mind,Female,,,1643
Manchester,575,Flat share,M5,"05/05/2023",19,6,0,Furnished,Don't mind,Female,,,1581
Manchester,695,House share,M8,"16/04/2023",0,3,0,Furnished,Don't mind,No preference,"25","40",1644
Manchester,695,Flat share,M16,"16/04/2023",0,2,0,Unfurnished,Don't mind,No preference,,,1646
Manchester,659,Flat rent,M4,"16/04/2023",0,6,0,Furnished,Don't mind,No preference,,,1672
Manchester,659,Flat rent,M1,"16/04/2023",0,6,0,Furnished,Don't mind,No preference,,,1673
Manchester,450,Flat share,M20,"19/04/2023",3,0,3,Furnished,Don't mind,No preference,"23","29",1586
Manchester,600,House share,M25,"16/04/2023",0,3,0,Furnished,Don't mind,No preference,"22","50",1676
Manchester,750,Flat share,M33,"16/04/2023",0,0,0,Furnished,Don't mind,No preference,,,1677
Manchester,500,Flat share,M3,"16/04/2023",0,6,0,Furnished,Professional,Male,"23","32",1679
Manchester,1300,Flat share,M15,"22/05/2023",36,0,1,Furnished,Don't mind,No preference,"20","40",1590
Manchester,800,Flat share,M14,"16/04/2023",0,0,0,Furnished,Don't mind,No preference,"18","45",1681
Manchester,550,Flat share,M5,"18/05/2023",32,3,0,Furnished,Professional,No preference,"23","35",1592
Manchester,550,Flat rent,M15,"05/05/2023",19,0,0,Furnished,Student,No preference,,,1593
Manchester,700,Flat share,M4,"18/04/2023",2,1,3,Furnished,Professional,No preference,,,1594
Manchester,600,Flat share,M11,"16/04/2023",0,1,11,Furnished,Professional,No preference,"25","35",1684
Manchester,750,Flat share,M4,"01/05/2023",15,0,6,Furnished,Professional,Female,"29","35",1596
Manchester,800,Flat share,M5,"11/06/2023",56,12,12,Furnished,Don't mind,Female,"21","32",1597
Manchester,525,Flat share,M3,"01/05/2023",15,0,0,Furnished,Don't mind,Female,,,1598
Manchester,400,House share,M35,"16/04/2023",0,0,6,Furnished,Don't mind,No preference,"30","50",1599
Manchester,700,Flat share,M16,"01/05/2023",15,1,6,Furnished,Don't mind,No preference,"27","37",1602
Manchester,700,Flat share,M13,"23/04/2023",7,0,3,Furnished,Don't mind,Female,,,1605
Manchester,700,Flat share,M15,"16/04/2023",0,12,0,Unfurnished,Don't mind,No preference,"20","30",1601
Manchester,600,Flat share,M4,"06/05/2023",20,3,0,Furnished,Professional,No preference,"28","50",1608
Manchester,700,House share,M13,"17/04/2023",1,3,0,Furnished,Don't mind,Female,,,1610
Manchester,600,House share,M11,"01/07/2023",76,3,0,Furnished,Professional,No preference,,"99",1612
Manchester,800,Flat share,M1,"16/04/2023",0,0,0,Unfurnished,Don't mind,Male,"18","35",1603
Manchester,463,Flat share,M3,"30/04/2023",14,0,3,Furnished,Professional,Female,,,1615
Manchester,1000,Flat share,M3,"16/04/2023",0,1,0,Furnished,Professional,No preference,"21",,1604
Manchester,525,Flat share,M5,"01/06/2023",46,0,3,Furnished,Don't mind,Female,"25","35",1617
Manchester,640,Flat share,M1,"16/04/2023",0,3,4,Furnished,Student,Male,"18",,1607
Manchester,650,House share,M25,"01/05/2023",15,6,0,Furnished,Don't mind,No preference,,"35",1619
Manchester,795,Flat share,M30,"16/04/2023",0,3,0,Furnished,Don't mind,No preference,,,1609
Manchester,700,Flat share,M15,"27/04/2023",11,11,0,Furnished,Professional,No preference,"20","32",1621
Manchester,700,House rent,M6,"16/04/2023",0,12,0,Furnished,Professional,No preference,,,1611
Manchester,450,House share,M14,"01/06/2023",46,0,0,Furnished,Don't mind,Female,"23","29",1623
Manchester,725,House share,M45,"16/04/2023",0,6,0,Furnished,Professional,No preference,"21",,1614
Manchester,800,House share,M7,"16/04/2023",0,0,0,Furnished,Don't mind,Female,"21",,1685
Manchester,500,Flat share,M16,"16/04/2023",0,0,0,Furnished,Don't mind,No preference,,,1686
Manchester,800,Flat share,M5,"10/05/2023",24,4,4,Furnished,Don't mind,Female,,,1627
Manchester,699,House share,M45,"16/04/2023",0,6,0,Furnished,Don't mind,No preference,"22",,1688
Manchester,475,House share,M14,"06/06/2023",51,0,5,Furnished,Don't mind,No preference,"22","32",1629
Manchester,625,House share,M16,"01/05/2023",15,0,12,Furnished,Professional,No preference,,,1630
Manchester,1200,Flat share,M5,"16/04/2023",0,1,3,Furnished,Don't mind,No preference,"18","99",1690
Manchester,450,House share,M14,"11/05/2023",25,1,3,Furnished,Don't mind,Female,"18","40",1632
Manchester,850,Flat share,M5,"16/04/2023",0,0,1,Furnished,Don't mind,No preference,"18",,1694
Manchester,649,House share,M8,"16/04/2023",0,0,0,Furnished,Don't mind,No preference,"18","50",1695
Manchester,600,House share,M15,"16/04/2023",0,6,0,Furnished,Don't mind,No preference,"18",,1698
Manchester,650,Flat share,M5,"16/04/2023",0,12,0,Furnished,Don't mind,No preference,"20","30",1732
Manchester,645,House share,M4,"16/04/2023",0,6,0,Furnished,Don't mind,No preference,,,1733
Manchester,550,Shared property,M30,"16/04/2023",0,12,0,Furnished,Professional,Male,,,1734
Manchester,450,House share,M30,"16/04/2023",0,3,0,Furnished,Don't mind,No preference,,,1735
Manchester,440,House share,M15,"16/04/2023",0,4,0,Furnished,Student,No preference,"20","29",1737
Manchester,575,House share,M14,"30/04/2023",14,1,0,Furnished,Don't mind,No preference,,"45",1641
Manchester,550,House share,M46,"16/04/2023",0,1,0,Unfurnished,Professional,No preference,"21","35",1747
Manchester,600,Flat share,M15,"16/04/2023",0,11,0,Furnished,Professional,Male,,"35",1779
Manchester,400,House share,M11,"16/04/2023",0,0,0,Furnished,Don't mind,No preference,,,1780
Manchester,500,Flat share,M22,"29/05/2023",43,6,0,Furnished,Professional,No preference,"40","80",1645
Manchester,725,House share,M13,"16/04/2023",0,6,0,Furnished,Don't mind,Female,"18","45",1781
Manchester,1200,Flat share,M20,"16/04/2023",0,12,0,Unfurnished,Professional,No preference,"25","40",1649
Manchester,650,Flat share,M20,"28/04/2023",12,7,0,Furnished,Don't mind,No preference,"25","31",1650
Manchester,550,Flat share,M15,"27/04/2023",11,0,0,Furnished,Don't mind,No preference,,,1651
Manchester,600,Flat share,M19,"01/05/2023",15,0,0,Unfurnished,Don't mind,No preference,,,1652
Manchester,600,Flat rent,M3,"16/04/2023",0,6,0,Part Furnished,Don't mind,No preference,,,1657
Manchester,725,Flat share,M1,"29/04/2023",13,3,0,Furnished,Student,Female,"19","23",1654
Manchester,950,House share,M14,"17/04/2023",1,1,2,Furnished,Professional,No preference,"24",,1655
Manchester,600,House share,M14,"01/07/2023",76,12,12,Furnished,Student,No preference,,,1656
Manchester,600,Flat share,M24,"01/09/2023",138,1,1,Furnished,Professional,Female,"28",,1658
Manchester,650,House share,M15,"20/04/2023",4,0,12,Unfurnished,Student,No preference,"20","30",1660
Manchester,650,House share,M6,"22/04/2023",6,6,0,Furnished,Professional,No preference,"22","33",1661
Manchester,600,Flat share,M15,"10/05/2023",24,6,12,Unfurnished,Don't mind,Female,,,1663
Manchester,650,Flat share,M21,"01/05/2023",15,6,0,Furnished,Professional,No preference,"25","40",1664
Manchester,500,House share,M28,"16/04/2023",0,3,12,Unfurnished,Don't mind,Female,"18",,1659
Manchester,575,House share,M33,"16/04/2023",0,6,0,Furnished,Don't mind,No preference,,,1662
Manchester,550,Flat share,M6,"21/04/2023",5,6,0,Furnished,Professional,No preference,"21","50",1669
Manchester,659,Flat share,M3,"26/05/2023",40,12,15,Furnished,Don't mind,No preference,"22","26",1671
Manchester,500,Flat share,M40,"16/04/2023",0,6,0,Furnished,Don't mind,No preference,,,1665
Manchester,675,Flat share,M4,"16/04/2023",0,3,0,Furnished,Professional,No preference,"25","35",1667
Manchester,625,Flat share,M5,"10/05/2023",24,6,0,Furnished,Professional,Female,"24","30",1674
Manchester,600,House share,M29,"30/04/2023",14,6,0,Furnished,Don't mind,No preference,"19","55",1675
Manchester,425,House share,M25,"16/04/2023",0,1,0,Furnished,Don't mind,Male,"20",,1670
Manchester,695,Flat share,M4,"16/04/2023",0,1,1,Furnished,Professional,No preference,"25","35",1784
Manchester,425,Flat share,M16,"09/06/2023",54,3,12,Furnished,Don't mind,No preference,,,1678
Manchester,600,House share,M19,"16/04/2023",0,0,0,Furnished,Don't mind,Female,"21","35",1788
Manchester,470,Flat share,M13,"01/07/2023",76,12,12,Furnished,Student,Male,"21","23",1680
Manchester,550,House rent,M25,"16/04/2023",0,12,36,Part Furnished,Professional,No preference,,,1792
Manchester,800,Flat rent,M16,"26/04/2023",10,2,0,Furnished,Don't mind,No preference,,,1682
Manchester,825,Flat share,M27,"16/04/2023",0,0,0,Furnished,Professional,No preference,"23","60",1793
Manchester,600,Flat share,M7,"16/04/2023",0,1,0,Furnished,Professional,Female,"23","60",1795
Manchester,467,Flat share,M5,"16/04/2023",0,6,0,Furnished,Don't mind,No preference,,,1800
Manchester,600,House share,M14,"16/04/2023",0,0,4,Furnished,Don't mind,No preference,,,1801
Manchester,660,House share,M23,"16/04/2023",0,1,0,Furnished,Professional,No preference,,,1844
Manchester,550,House share,M19,"16/04/2023",0,0,0,Furnished,Don't mind,No preference,"18","65",1845
Manchester,699,House rent,M14,"01/07/2023",76,12,0,Furnished,Don't mind,No preference,,,1689
Manchester,750,Flat share,M4,"16/04/2023",0,0,2,Furnished,Professional,Female,"27","99",1847
Manchester,700,Flat share,M5,"31/05/2023",45,6,12,Furnished,Don't mind,Female,"18","24",1691
Manchester,800,House share,M21,"01/05/2023",15,1,1,Furnished,Professional,No preference,,,1692
Manchester,800,Flat rent,M15,"10/06/2023",55,0,3,Furnished,Student,No preference,,,1693
Manchester,660,Flat share,M21,"16/04/2023",0,6,12,Furnished,Don't mind,No preference,,,1848
Manchester,645,Flat share,M5,"16/04/2023",0,5,0,Furnished,Don't mind,No preference,"20","30",1849
Manchester,649,Flat rent,M5,"17/05/2023",31,0,0,Furnished,Professional,No preference,,,1696
Manchester,649,Flat rent,M1,"12/06/2023",57,1,6,Furnished,Professional,No preference,,,1697
Manchester,550,House share,M14,"16/04/2023",0,10,0,Furnished,Student,No preference,"18","30",1850
Manchester,550,Flat share,M9,"16/04/2023",0,0,0,Furnished,Don't mind,Female,,,1851
Manchester,600,Flat share,M3,"16/04/2023",0,12,0,Furnished,Don't mind,Female,,,1700
Manchester,430,Shared property,M15,"16/04/2023",0,3,7,Furnished,Don't mind,No preference,,,1702
Manchester,550,House share,M11,"01/05/2023",15,3,0,Furnished,Don't mind,No preference,,,1703
Manchester,625,House share,M32,"16/04/2023",0,0,3,Furnished,Professional,No preference,"21","60",1706
Manchester,520,House share,M6,"01/05/2023",15,6,0,Furnished,Professional,No preference,"22","48",1705
Manchester,650,House share,M20,"29/05/2023",43,1,0,Furnished,Student,No preference,,,1708
Manchester,600,House share,M13,"31/05/2023",45,6,0,Furnished,Professional,No preference,"21","45",1709
Manchester,635,House share,M13,"05/05/2023",19,6,0,Furnished,Professional,No preference,"22","45",1710
Manchester,550,Flat share,M20,"16/04/2023",0,0,6,Furnished,Don't mind,No preference,"20","29",1707
Manchester,475,House share,M21,"16/04/2023",0,3,0,Furnished,Don't mind,Female,"18",,1711
Manchester,600,House share,M6,"28/12/2023",256,0,3,Furnished,Don't mind,No preference,,,1719
Manchester,462,House share,M19,"06/05/2023",20,6,12,Unfurnished,Professional,No preference,"24","32",1720
Manchester,600,House share,M38,"11/05/2023",25,6,0,Furnished,Don't mind,No preference,"23",,1721
Manchester,500,House share,M18,"17/04/2023",1,0,0,Furnished,Professional,No preference,"26","42",1723
Manchester,550,Flat share,M20,"31/05/2023",45,5,0,Furnished,Professional,No preference,"22","30",1725
Manchester,600,House share,M27,"16/04/2023",0,6,0,Furnished,Don't mind,No preference,"23","39",1712
Manchester,660,House share,M16,"16/04/2023",0,6,0,Furnished,Don't mind,No preference,"20","40",1713
Manchester,425,Flat share,M16,"29/05/2023",43,3,3,Furnished,Student,Female,,,1730
Manchester,650,House share,M30,"16/04/2023",0,8,0,Furnished,Don't mind,No preference,,,1714
Manchester,675,Flat share,M4,"16/04/2023",0,2,0,Furnished,Don't mind,Male,"25","99",1716
Manchester,550,House share,M27,"16/04/2023",0,0,12,Furnished,Professional,No preference,"23","60",1718
Manchester,600,Flat share,M19,"16/04/2023",0,1,6,Furnished,Don't mind,No preference,"21","40",1722
Manchester,475,House share,M20,"16/04/2023",0,3,0,Furnished,Professional,Female,"21",,1724
Manchester,570,House share,M6,"16/04/2023",0,6,0,Furnished,Don't mind,No preference,,,1726
Manchester,440,Flat rent,M22,"26/04/2023",10,12,0,Part Furnished,Don't mind,No preference,,,1738
Manchester,665,Shared property,M30,"01/05/2023",15,0,3,Furnished,Don't mind,Female,,,1739
Manchester,500,Flat share,M3,"13/05/2023",27,0,0,Furnished,Don't mind,Female,"20",,1740
Manchester,1000,Flat share,M3,"19/04/2023",3,6,6,Furnished,Professional,No preference,"25","50",1741
Manchester,584,Flat share,M50,"16/04/2023",0,6,0,Furnished,Professional,No preference,,,1729
Manchester,500,House share,M35,"16/04/2023",0,3,0,Furnished,Don't mind,Male,"23",,1731
Manchester,700,Flat share,M30,"16/04/2023",0,6,24,Furnished,Don't mind,No preference,,,1852
Manchester,600,House share,M7,"16/04/2023",0,3,0,Furnished,Don't mind,No preference,"18","99",1868
Manchester,700,Flat share,M1,"01/06/2023",46,6,0,Furnished,Student,No preference,"18",,1746
Manchester,500,House share,M20,"16/04/2023",0,6,0,Furnished,Don't mind,Female,"18","40",1872
Manchester,350,Flat share,M8,"16/04/2023",0,1,1,Furnished,Don't mind,No preference,,,1876
Manchester,380,House share,M32,"16/04/2023",0,6,0,Furnished,Don't mind,No preference,,,1877
Manchester,550,House share,M8,"16/04/2023",0,0,2,Furnished,Don't mind,Female,,,1881
Manchester,795,Flat share,M1,"12/05/2023",26,6,0,Furnished,Don't mind,No preference,,,1751
Manchester,725,House share,M21,"16/04/2023",0,1,0,Furnished,Professional,Male,,,1750
Manchester,500,House share,M43,"25/04/2023",9,0,0,Furnished,Professional,No preference,,,1754
Manchester,650,Shared property,M19,"16/04/2023",0,6,0,Furnished,Professional,No preference,"25","50",1753
Manchester,550,House share,M16,"16/06/2023",61,2,0,Furnished,Professional,No preference,"25",,1756
Manchester,630,Flat share,M5,"31/05/2023",45,12,0,Furnished,Professional,Female,"22","28",1760
Manchester,550,House share,M13,"16/04/2023",0,6,0,Furnished,Professional,No preference,"20",,1757
Manchester,850,Flat share,M30,"16/04/2023",0,3,0,Furnished,Professional,No preference,,,1758
Manchester,525,House share,M30,"01/06/2023",46,6,0,Furnished,Professional,Female,"28","50",1765
Manchester,650,Flat share,M5,"01/07/2023",76,0,0,Furnished,Don't mind,No preference,,,1766
Manchester,850,House share,M19,"16/04/2023",0,12,0,Furnished,Don't mind,No preference,,,1759
Manchester,400,Flat share,M21,"16/04/2023",0,0,0,Furnished,Professional,No preference,"25","45",1761
Manchester,463,House share,M14,"01/07/2023",76,12,12,Furnished,Don't mind,No preference,,,1769
Manchester,600,Flat share,M12,"01/05/2023",15,6,0,Furnished,Don't mind,No preference,"23",,1771
Manchester,650,Flat share,M5,"01/05/2023",15,4,0,Furnished,Professional,No preference,"21","35",1775
Manchester,400,House rent,M14,"16/04/2023",0,4,0,Furnished,Don't mind,No preference,,,1762
Manchester,425,Flat share,M3,"31/05/2023",45,5,5,Furnished,Don't mind,No preference,"18","30",1777
Manchester,595,House share,M13,"19/06/2023",64,12,0,Furnished,Don't mind,No preference,,,1778
Manchester,700,Flat share,M4,"16/04/2023",0,0,0,Furnished,Professional,No preference,"30","54",1770
Manchester,607,House share,M14,"16/04/2023",0,12,12,Furnished,Student,No preference,"18","21",1772
Manchester,607,Flat rent,M4,"16/04/2023",0,12,0,Unfurnished,Don't mind,No preference,,,1773
Manchester,550,Flat share,M3,"01/05/2023",15,5,5,Furnished,Professional,Female,,"26",1782
Manchester,841,Flat share,M3,"01/05/2023",15,4,4,Furnished,Don't mind,No preference,"18","30",1783
Manchester,388,Flat share,M7,"16/04/2023",0,0,0,Furnished,Professional,Female,"22","30",1774
Manchester,600,House share,M23,"08/05/2023",22,1,6,Furnished,Professional,Female,"25",,1785
Manchester,250,Flat share,M4,"16/04/2023",0,1,6,Furnished,Don't mind,No preference,,,1882
Manchester,420,House share,M40,"16/04/2023",0,0,0,Furnished,Don't mind,Male,"18","29",1885
Manchester,425,House share,M28,"16/04/2023",0,0,0,Furnished,Don't mind,No preference,"18","65",1886
Manchester,330,Flat share,M14,"01/05/2023",15,6,0,Furnished,Professional,No preference,"25","35",1789
Manchester,500,Flat share,M20,"01/06/2023",46,6,0,Furnished,Professional,No preference,"21","28",1790
Manchester,550,House share,M41,"01/05/2023",15,6,0,Furnished,Don't mind,Female,"26",,1791
Manchester,525,House share,M8,"16/04/2023",0,0,3,Furnished,Professional,No preference,"18","60",1891
Manchester,750,House share,M19,"16/04/2023",0,3,0,Furnished,Don't mind,No preference,"21","65",1893
Manchester,725,Flat share,M4,"01/05/2023",15,4,0,Furnished,Professional,No preference,"27","68",1794
Manchester,650,House share,M27,"16/04/2023",0,6,0,Furnished,Don't mind,Female,"22","48",1894
Manchester,600,Flat rent,M50,"20/04/2023",4,5,18,Furnished,Student,No preference,,,1796
Manchester,600,Flat share,M4,"05/05/2023",19,12,0,Furnished,Professional,Male,"20","27",1797
Manchester,620,Flat share,M6,"16/04/2023",0,6,12,Furnished,Professional,No preference,"18",,1896
Manchester,550,Shared property,M32,"16/04/2023",0,6,0,Furnished,Professional,No preference,"18","60",1897
Manchester,700,House share,M50,"16/04/2023",0,0,0,Furnished,Don't mind,No preference,"19","33",1899
Manchester,600,Flat share,M5,"16/04/2023",0,4,0,Furnished,Don't mind,No preference,,,1900
Manchester,540,Flat rent,M4,"16/04/2023",0,0,0,Furnished,Don't mind,No preference,,,1804
Manchester,540,House share,M21,"19/04/2023",3,6,0,Furnished,Professional,No preference,"25","45",1803
Manchester,660,Flat share,M5,"25/06/2023",70,12,12,Furnished,Don't mind,No preference,"20","30",1805
Manchester,800,House share,M33,"17/04/2023",1,0,0,Furnished,Don't mind,No preference,,,1807
Manchester,500,House share,M21,"16/04/2023",0,6,0,Unfurnished,Professional,No preference,"30","38",1806
Manchester,650,Flat share,M5,"01/07/2023",76,0,3,Furnished,Don't mind,No preference,"22","35",1810
Manchester,390,House share,M20,"16/04/2023",0,4,4,Furnished,Student,No preference,,,1809
Manchester,515,House share,M7,"16/04/2023",0,6,0,Furnished,Professional,No preference,"23",,1814
Manchester,700,Flat share,M1,"16/04/2023",0,6,6,Furnished,Professional,No preference,"23","30",1820
Manchester,500,Flat share,M34,"16/04/2023",0,0,0,Furnished,Don't mind,No preference,,,1822
Manchester,500,Flat share,M24,"16/04/2023",0,1,0,Unfurnished,Don't mind,No preference,"18","51",1823
Manchester,450,House share,M20,"16/04/2023",0,2,2,Furnished,Don't mind,No preference,,,1824
Manchester,395,House share,M8,"16/04/2023",0,12,36,Furnished,Don't mind,Female,"18","63",1827
Manchester,525,House share,M20,"01/05/2023",15,8,0,Furnished,Professional,No preference,,"32",1819
Manchester,450,House share,M9,"16/04/2023",0,0,0,Furnished,Don't mind,Female,,,1830
Manchester,375,House share,M14,"16/04/2023",0,5,12,Furnished,Professional,No preference,"23","39",1831
Manchester,490,Flat share,M15,"17/04/2023",1,3,0,Furnished,Don't mind,No preference,"20","30",1826
Manchester,600,House share,M6,"16/04/2023",0,6,12,Furnished,Don't mind,Female,"20","33",1837
Manchester,500,Flat share,M50,"16/04/2023",0,0,6,Furnished,Professional,No preference,"21",,1839
Manchester,700,House share,M30,"16/04/2023",0,1,3,Furnished,Professional,No preference,"30","60",1840
Manchester,475,House share,M5,"01/05/2023",15,2,0,Furnished,Don't mind,No preference,"18","65",1833
Manchester,475,Flat rent,M1,"30/04/2023",14,0,0,Furnished,Don't mind,No preference,,,1834
Manchester,600,Flat share,M5,"01/05/2023",15,6,6,Furnished,Professional,No preference,"20","29",1835
Manchester,550,Flat share,M50,"21/05/2023",35,12,0,Furnished,Professional,Female,"24","29",1836
Manchester,715,House share,M13,"25/05/2023",39,0,0,Furnished,Don't mind,No preference,"18","30",1838
Manchester,825,Flat share,M1,"08/05/2023",22,6,6,Furnished,Professional,Female,"22","28",1842
Manchester,550,House share,M14,"16/04/2023",0,1,3,Furnished,Don't mind,No preference,,"38",1841
Manchester,650,Flat share,M3,"16/04/2023",0,12,24,Furnished,Professional,No preference,"24","30",1843
Manchester,600,House share,M40,"16/04/2023",0,12,0,Unfurnished,Don't mind,Female,"25",,1902
Manchester,550,House share,M16,"16/04/2023",0,6,0,Furnished,Professional,Female,"28",,1930
Manchester,475,Flat share,M4,"16/04/2023",0,4,0,Furnished,Professional,Female,"24",,1931
Manchester,620,Shared property,M8,"16/04/2023",0,3,0,Furnished,Professional,No preference,"26",,1936
Manchester,900,Flat share,M16,"16/04/2023",0,0,0,Furnished,Don't mind,No preference,,,1938
Manchester,400,Flat share,M14,"16/04/2023",0,0,0,Furnished,Don't mind,No preference,,,1939
Manchester,700,House share,M8,"16/04/2023",0,1,0,Furnished,Professional,No preference,,,1940
Manchester,725,Flat share,M15,"01/06/2023",46,6,0,Furnished,Don't mind,Female,"18","65",1855
Manchester,700,Flat share,M5,"01/08/2023",107,2,6,Furnished,Professional,No preference,"25","44",1856
Manchester,750,Flat share,M4,"02/06/2023",47,6,12,Unfurnished,Professional,No preference,"24","35",1857
Manchester,495,House share,M14,"01/08/2023",107,12,12,Furnished,Professional,Female,"22","55",1859
Manchester,500,House share,M19,"01/05/2023",15,6,12,Furnished,Don't mind,No preference,"18","50",1861
Manchester,625,Flat share,M3,"05/05/2023",19,6,0,Furnished,Don't mind,Female,,,1862
Manchester,499,House share,M14,"16/04/2023",0,3,0,Furnished,Don't mind,Female,,,1853
Manchester,525,Flat share,M1,"03/05/2023",17,0,3,Furnished,Don't mind,No preference,"19","24",1869
Manchester,525,Flat rent,M21,"27/04/2023",11,6,0,Part Furnished,Professional,No preference,,,1870
Manchester,620,House share,M28,"03/05/2023",17,0,6,Furnished,Don't mind,No preference,"20","40",1871
Manchester,450,House share,M23,"16/04/2023",0,0,0,Furnished,Don't mind,Female,,,1854
Manchester,450,Flat share,M20,"01/08/2023",107,12,0,Furnished,Don't mind,No preference,,,1873
Manchester,350,Shared property,M9,"16/04/2023",0,1,0,Furnished,Don't mind,No preference,"18",,1858
Manchester,700,House share,M19,"16/04/2023",0,6,0,Furnished,Professional,No preference,"22","35",1860
Manchester,750,House share,M40,"16/04/2023",0,6,0,Furnished,Professional,No preference,,,1863
Manchester,780,House share,M13,"16/04/2023",0,6,0,Furnished,Don't mind,No preference,"18","65",1864
Manchester,900,Flat share,M15,"16/04/2023",0,0,0,Furnished,Don't mind,No preference,"21","35",1865
Manchester,480,Flat share,M13,"16/04/2023",0,1,2,Furnished,Don't mind,No preference,,,1866
Manchester,525,Flat share,M4,"12/05/2023",26,6,0,Furnished,Don't mind,Female,"23","28",1880
Manchester,600,Flat share,M22,"16/04/2023",0,1,0,Furnished,Don't mind,Male,,,1867
Manchester,600,House share,M16,"16/04/2023",0,6,0,Furnished,Professional,No preference,"21",,1942
Manchester,550,Flat share,M50,"16/04/2023",0,6,0,Furnished,Professional,No preference,"20",,1943
Manchester,700,House share,M20,"16/04/2023",0,0,0,Furnished,Professional,Male,"25","99",1946
Manchester,500,Flat share,M15,"16/04/2023",0,0,0,Furnished,Don't mind,No preference,,,1948
Manchester,1250,Flat share,M15,"16/04/2023",0,0,2,Furnished,Don't mind,No preference,,,1949
Manchester,400,House share,M5,"23/08/2023",129,12,12,Furnished,Professional,No preference,"21","35",1887
Manchester,470,House share,M16,"23/04/2023",7,3,0,Furnished,Professional,Female,"22","45",1888
Manchester,488,Flat share,M15,"28/04/2023",12,0,0,Furnished,Don't mind,No preference,"18","60",1889
Manchester,645,Flat share,M3,"19/04/2023",3,5,0,Furnished,Don't mind,No preference,,,1890
Manchester,375,House share,M5,"16/04/2023",0,12,0,Furnished,Professional,No preference,"21","65",1983
Manchester,455,House share,M21,"02/05/2023",16,12,0,Furnished,Professional,Female,"25","30",1892
Manchester,800,House share,M21,"16/04/2023",0,0,3,Furnished,Professional,No preference,"25","60",1985
Manchester,700,Flat rent,M6,"16/04/2023",0,3,6,Part Furnished,Don't mind,No preference,,,1987
Manchester,625,House share,M40,"16/04/2023",0,0,0,Furnished,Don't mind,Male,"18","65",1988
Manchester,450,House share,M7,"16/04/2023",0,3,0,Furnished,Don't mind,No preference,"18","65",1992
Manchester,600,House share,M23,"16/04/2023",0,6,0,Furnished,Professional,Female,"25",,1993
Manchester,695,House share,M20,"01/05/2023",15,6,0,Furnished,Professional,Female,"21","29",1898
Manchester,1050,Flat share,M15,"16/04/2023",0,6,0,Furnished,Don't mind,No preference,"20","65",1999
Manchester,595,Flat rent,M50,"16/04/2023",0,0,0,Furnished,Student,No preference,,,2001
Manchester,576,Flat share,M15,"30/04/2023",14,0,0,Unfurnished,Don't mind,No preference,,,1901
Manchester,595,Flat rent,M4,"16/04/2023",0,0,0,Furnished,Don't mind,No preference,,,2002
Manchester,312,Flat share,M14,"16/04/2023",0,0,0,Furnished,Don't mind,No preference,,,2003
Manchester,380,Flat share,M12,"31/05/2023",45,6,0,Furnished,Don't mind,No preference,,,1904
Manchester,400,House share,M6,"25/04/2023",9,6,0,Furnished,Don't mind,No preference,"19","55",1905
Manchester,1100,House share,M20,"01/05/2023",15,1,2,Furnished,Don't mind,No preference,,,1907
Manchester,550,House share,M12,"16/04/2023",0,0,0,Furnished,Don't mind,No preference,,,1906
Manchester,650,Flat share,M4,"09/05/2023",23,10,10,Furnished,Don't mind,No preference,,,1909
Manchester,850,House share,M11,"16/04/2023",0,0,2,Furnished,Don't mind,No preference,"21","60",1910
Manchester,750,Flat share,M4,"16/04/2023",0,6,0,Furnished,Don't mind,Female,"30",,1911
Manchester,550,House share,M27,"16/04/2023",0,6,0,Furnished,Don't mind,No preference,,,1912
Manchester,662,Flat share,M3,"14/05/2023",28,12,0,Furnished,Professional,No preference,,,1923
Manchester,650,Flat share,M5,"20/05/2023",34,12,0,Furnished,Professional,No preference,,,1924
Manchester,525,Flat share,M3,"04/05/2023",18,0,0,Furnished,Professional,No preference,"25","40",1926
Manchester,662,Flat share,M3,"12/05/2023",26,12,0,Furnished,Don't mind,No preference,"21","30",1928
Manchester,650,House share,M21,"16/04/2023",0,0,12,Furnished,Don't mind,No preference,"22","29",1913
Manchester,600,House share,M19,"16/04/2023",0,0,0,Furnished,Don't mind,Female,"18","65",1916
Manchester,525,Flat share,M3,"24/04/2023",8,12,0,Furnished,Professional,Female,"24","30",1932
Manchester,775,Flat share,M15,"16/04/2023",0,6,0,Furnished,Don't mind,No preference,"21","40",1917
Manchester,600,Flat share,M3,"05/06/2023",50,12,0,Furnished,Professional,Male,"23","40",1934
Manchester,500,House share,M7,"16/04/2023",0,0,0,Furnished,Don't mind,Female,"20","40",1919
Manchester,650,Flat share,M5,"16/04/2023",0,0,0,Furnished,Don't mind,No preference,,,1920
Manchester,484,House share,M4,"23/04/2023",7,6,12,Furnished,Professional,No preference,"28","32",1937
Manchester,400,House share,M19,"16/04/2023",0,6,0,Furnished,Don't mind,Female,"21","40",1921
Manchester,630,Flat share,M50,"16/04/2023",0,1,2,Furnished,Don't mind,No preference,"22",,1922
Manchester,760,Flat share,M1,"16/04/2023",0,0,0,Furnished,Student,No preference,,,1925
Manchester,399,Flat share,M7,"16/04/2023",0,0,0,Furnished,Professional,No preference,,,1927
Manchester,500,Flat share,M38,"16/04/2023",0,0,4,Unfurnished,Don't mind,No preference,"18","40",1929
Manchester,495,House share,M40,"16/04/2023",0,3,0,Furnished,Don't mind,No preference,"20","30",2004
Manchester,795,Flat share,M3,"16/04/2023",0,0,0,Furnished,Don't mind,No preference,"18","40",2006
Manchester,600,Shared property,M13,"16/04/2023",0,6,0,Furnished,Professional,Female,,,2007
Manchester,500,Flat share,M14,"16/04/2023",0,4,4,Furnished,Don't mind,No preference,,,2027
Manchester,650,House share,M45,"16/04/2023",0,3,0,Furnished,Don't mind,No preference,"21",,2031
Manchester,675,House share,M28,"16/04/2023",0,0,0,Furnished,Professional,No preference,,,2034
Manchester,600,House share,M31,"16/04/2023",0,0,0,Furnished,Professional,No preference,,,2035
Manchester,790,Flat share,M5,"21/04/2023",5,2,0,Furnished,Don't mind,No preference,,,1950
Manchester,800,Flat share,M15,"16/04/2023",0,0,0,Furnished,Don't mind,No preference,"21","30",2036
Manchester,460,House share,M14,"16/04/2023",0,0,0,Furnished,Don't mind,Female,"18","65",2037
Manchester,400,House share,M5,"22/05/2023",36,6,0,Furnished,Don't mind,No preference,"18","27",1953
Manchester,410,Flat share,M4,"29/05/2023",43,6,0,Furnished,Professional,No preference,"26","45",1954
Manchester,695,Flat share,M15,"16/04/2023",0,0,0,Furnished,Professional,Female,"25","40",2038
Manchester,650,Flat share,M22,"16/04/2023",0,3,0,Furnished,Professional,No preference,,,1959
Manchester,800,Flat share,M3,"16/04/2023",0,0,2,Furnished,Don't mind,No preference,,,1961
Manchester,575,House share,M35,"16/04/2023",0,3,0,Furnished,Don't mind,No preference,"30",,1966
Manchester,630,Flat share,M1,"11/05/2023",25,12,0,Furnished,Professional,No preference,"22","34",1960
Manchester,800,Flat rent,M13,"03/06/2023",48,3,36,Furnished,Don't mind,No preference,,,1962
Manchester,775,Flat share,M4,"07/06/2023",52,6,12,Furnished,Professional,No preference,"25","36",1963
Manchester,775,Flat rent,M1,"23/06/2023",68,0,0,Furnished,Don't mind,No preference,,,1964
Manchester,600,Flat share,M19,"16/04/2023",0,0,0,Furnished,Don't mind,No preference,"18","50",1967
Manchester,465,Flat share,M4,"21/04/2023",5,6,0,Furnished,Professional,No preference,,,1969
Manchester,950,Flat share,M1,"01/06/2023",46,12,0,Furnished,Professional,No preference,"18","65",1970
Manchester,360,House share,M40,"01/07/2023",76,6,36,Furnished,Don't mind,No preference,"18","35",1971
Manchester,632,House share,M20,"01/07/2023",76,6,0,Furnished,Don't mind,Female,"22","29",1972
Manchester,675,Flat rent,M1,"23/06/2023",68,2,3,Furnished,Student,No preference,,,1974
Manchester,500,House share,M24,"16/04/2023",0,1,0,Furnished,Don't mind,No preference,,,1968
Manchester,575,House share,M27,"01/05/2023",15,3,0,Furnished,Professional,Female,"27","40",1979
Manchester,599,House share,M6,"23/04/2023",7,6,12,Furnished,Student,No preference,"19","65",1980
Manchester,675,House share,M6,"16/04/2023",0,6,11,Furnished,Professional,Female,"25","45",1973
Manchester,399,House share,M11,"04/06/2023",49,3,12,Furnished,Don't mind,Female,"18","64",1984
Manchester,950,Flat share,M1,"16/04/2023",0,0,0,Furnished,Don't mind,No preference,"18","65",1975
Manchester,700,Flat share,M3,"15/05/2023",29,12,0,Furnished,Professional,No preference,,,1986
Manchester,500,Flat share,M20,"16/04/2023",0,2,4,Furnished,Don't mind,No preference,,"35",1976
Manchester,1000,Flat share,M4,"16/04/2023",0,3,6,Furnished,Don't mind,No preference,"18","35",1978
Manchester,487,Flat share,M16,"16/04/2023",0,4,0,Furnished,Don't mind,Female,"23",,1981
Manchester,800,House share,M32,"30/04/2023",14,0,0,Furnished,Don't mind,Female,"18",,1990
Manchester,600,Flat share,M50,"16/04/2023",0,4,0,Furnished,Don't mind,No preference,"19","39",1982
Manchester,750,Flat share,M3,"16/04/2023",0,1,1,Furnished,Professional,No preference,"20","38",2039
Manchester,585,House share,M14,"16/04/2023",0,4,4,Furnished,Student,No preference,"19","22",2040
Manchester,585,House share,M6,"20/04/2023",4,5,0,Furnished,Don't mind,Female,,,1994
Manchester,741,Flat share,M4,"16/04/2023",0,12,12,Furnished,Professional,No preference,"22","35",2041
Manchester,800,Flat share,M35,"16/04/2023",0,0,0,Unfurnished,Don't mind,No preference,"18",,2046
Manchester,750,House share,M13,"16/04/2023",0,12,24,Furnished,Don't mind,Female,,,2053
Manchester,400,House share,M22,"16/04/2023",0,0,0,Unfurnished,Don't mind,No preference,"18","65",2054
Manchester,480,House rent,M5,"16/04/2023",0,0,0,Furnished,Don't mind,No preference,,,2056
Manchester,595,House share,M6,"05/06/2023",50,0,0,Furnished,Don't mind,Female,"24","34",2000
Manchester,650,House share,M25,"02/05/2023",16,6,0,Furnished,Professional,No preference,"21","39",2005
Manchester,700,House share,M34,"16/04/2023",0,3,12,Furnished,Professional,No preference,"21","50",2008
Manchester,525,Flat share,M13,"16/04/2023",0,0,0,Furnished,Don't mind,Female,,,2009
Manchester,902,Flat share,M1,"28/04/2023",12,6,0,Furnished,Don't mind,No preference,,,2016
Manchester,500,Flat share,M21,"19/04/2023",3,0,0,Furnished,Professional,No preference,"24",,2021
Manchester,730,Flat share,M4,"01/05/2023",15,5,5,Furnished,Professional,Female,"22","30",2025
Manchester,625,Flat share,M1,"16/04/2023",0,6,0,Furnished,Professional,Male,"23","30",2010
Manchester,200,House share,M43,"20/04/2023",4,6,0,Furnished,Don't mind,Female,"22","38",2028
Manchester,700,House share,M14,"01/05/2023",15,4,0,Furnished,Don't mind,No preference,"21","25",2029
Manchester,795,Flat share,M3,"16/04/2023",0,0,0,Furnished,Don't mind,Female,,,2011
Manchester,340,House share,M20,"16/04/2023",0,12,0,Furnished,Don't mind,No preference,"23","35",2012
Manchester,600,Flat share,M1,"01/05/2023",15,6,0,Furnished,Professional,No preference,"30","40",2032
Manchester,725,Flat share,M3,"27/06/2023",72,12,0,Furnished,Professional,Female,"24","30",2033
Manchester,625,House share,M34,"16/04/2023",0,2,2,Furnished,Don't mind,No preference,,,2013
Manchester,475,House share,M18,"16/04/2023",0,6,0,Furnished,Don't mind,No preference,,,2017
Manchester,600,Flat share,M50,"16/04/2023",0,0,9,Furnished,Don't mind,No preference,,,2018
Manchester,810,Flat share,M1,"16/04/2023",0,6,6,Furnished,Professional,No preference,"25","40",2019
Manchester,450,House share,M5,"16/04/2023",0,0,4,Furnished,Don't mind,No preference,"18",,2020
Manchester,625,Flat share,M3,"16/04/2023",0,0,0,Furnished,Don't mind,No preference,"22","30",2022
Manchester,595,House share,M14,"16/04/2023",0,6,0,Furnished,Don't mind,No preference,"18",,2023
Manchester,550,House share,M14,"16/04/2023",0,0,12,Furnished,Don't mind,Female,"28",,2024
Manchester,650,House share,M9,"16/04/2023",0,6,0,Furnished,Professional,No preference,"18","65",2026
Manchester,520,House share,M7,"01/09/2023",138,12,12,Furnished,Don't mind,No preference,"18",,2044
Manchester,600,Flat share,M5,"15/08/2023",121,12,0,Furnished,Professional,No preference,"23","29",2050
Manchester,480,Flat share,M15,"25/06/2023",70,12,0,Furnished,Professional,Female,"21","30",2055
Manchester,519.60,House share,M15,"16/04/2023",0,0,0,Furnished,Don't mind,No preference,,,1069
Manchester,562.90,Flat share,M1,"16/04/2023",0,3,5,Furnished,Don't mind,Female,"18","27",1073
Manchester,649.50,Flat share,M14,"16/04/2023",0,2,0,Furnished,Don't mind,No preference,"24","40",1094
Manchester,658.16,Shared property,M27,"16/04/2023",0,12,0,Furnished,Professional,No preference,"19","99",1143
Manchester,671.15,House share,M28,"16/04/2023",0,0,0,Furnished,Don't mind,No preference,"18","65",1148
Manchester,541.25,House share,M16,"16/04/2023",0,12,0,Furnished,Professional,No preference,"18",,1150
Manchester,519.60,Flat share,M14,"16/04/2023",0,4,4,Furnished,Student,No preference,,,1152
Manchester,801.05,House share,M19,"16/04/2023",0,0,0,Furnished,Don't mind,No preference,"18","99",1155
Manchester,736.10,House share,M14,"16/04/2023",0,0,0,Furnished,Don't mind,No preference,"18","99",1156
Manchester,866.00,House share,M14,"16/04/2023",0,0,0,Furnished,Don't mind,No preference,"18","28",1157
Manchester,866.00,House share,M14,"16/04/2023",0,0,0,Furnished,Don't mind,No preference,"18","28",1158
Manchester,866.00,House share,M14,"16/04/2023",0,0,0,Furnished,Don't mind,No preference,"18","99",1159
Manchester,649.50,Shared property,M27,"16/04/2023",0,6,0,Furnished,Professional,No preference,"25","50",1160
Manchester,866.00,Flat share,M4,"16/04/2023",0,0,0,Furnished,Don't mind,No preference,,"50",1184
Manchester,433.00,House share,M22,"16/04/2023",0,0,0,Furnished,Don't mind,No preference,,,1197
Manchester,476.30,House share,M30,"16/04/2023",0,6,0,Furnished,Professional,No preference,"25",,1231
Manchester,757.75,House share,M6,"16/04/2023",0,0,0,Furnished,Don't mind,No preference,,,1260
Manchester,649.50,House share,M22,"16/04/2023",0,0,0,Furnished,Professional,Male,"18","65",1281
Manchester,519.60,House share,M16,"16/04/2023",0,0,0,Furnished,Don't mind,No preference,"19",,1292
Manchester,991.57,Flat share,M15,"01/06/2023",46,2,3,Furnished,Student,No preference,,,1055
Manchester,381.04,House share,M14,"01/07/2023",76,6,12,Furnished,Student,No preference,"18","25",1056
Manchester,627.85,Flat share,M18,"14/05/2023",28,6,0,Furnished,Professional,No preference,,,1059
Manchester,627.85,Flat rent,M15,"13/05/2023",27,3,4,Furnished,Don't mind,No preference,"18","65",1060
Manchester,736.10,House share,M13,"10/05/2023",24,1,0,Furnished,Don't mind,No preference,,,1062
Manchester,549.91,Flat rent,M15,"16/04/2023",0,0,4,Furnished,Don't mind,No preference,,,1302
Manchester,649.50,Flat share,M22,"16/04/2023",0,0,0,Furnished,Professional,No preference,"23","55",1321
Manchester,658.16,Flat share,M1,"09/09/2023",146,0,0,Furnished,Student,No preference,,,1078
Manchester,584.55,House share,M13,"20/07/2023",95,11,12,Furnished,Student,Female,"18","35",1092
Manchester,497.95,House share,M35,"16/04/2023",0,0,0,Furnished,Don't mind,No preference,,,1341
Manchester,995.90,Flat share,M1,"10/06/2023",55,0,3,Furnished,Don't mind,No preference,,,1097
Manchester,995.90,House rent,M19,"12/05/2023",26,6,0,Part Furnished,Professional,No preference,,,1098
Manchester,1299.00,House share,M19,"19/05/2023",33,0,3,Furnished,Don't mind,No preference,"24",,1104
Manchester,731.77,Flat share,M14,"16/06/2023",61,0,3,Furnished,Student,No preference,,,1120
Manchester,584.55,Flat share,M14,"01/07/2023",76,12,0,Furnished,Don't mind,No preference,"18","99",1132
Manchester,736.10,House share,M14,"01/07/2023",76,0,12,Furnished,Student,No preference,"18",,1136
Manchester,736.10,House rent,M14,"01/07/2023",76,0,12,Unfurnished,Don't mind,No preference,,,1137
Manchester,476.30,House share,M14,"01/07/2023",76,10,0,Furnished,Don't mind,No preference,"18","46",1139
Manchester,476.30,House rent,M14,"30/06/2023",75,6,0,Part Furnished,Don't mind,No preference,,,1140
Manchester,497.95,Flat share,M15,"16/04/2023",0,0,0,Furnished,Don't mind,No preference,,,1360
Manchester,779.40,House share,M9,"16/04/2023",0,1,0,Furnished,Professional,No preference,"25","65",1362
Manchester,779.40,House share,M6,"16/04/2023",0,0,0,Furnished,Don't mind,Female,"25","40",1364
Manchester,541.25,House share,M16,"10/06/2023",55,12,0,Furnished,Student,No preference,,,1151
Manchester,519.60,House share,M28,"16/04/2023",0,1,3,Furnished,Professional,No preference,,,1376
Manchester,476.30,House share,M30,"16/04/2023",0,0,0,Furnished,Don't mind,No preference,,,1380
Manchester,649.50,House share,M34,"16/04/2023",0,0,0,Furnished,Don't mind,Female,,"42",1434
Manchester,922.29,Flat share,M1,"16/04/2023",0,0,0,Furnished,Student,No preference,,,1440
Manchester,1017.55,Flat share,M13,"16/04/2023",0,0,0,Furnished,Don't mind,No preference,,,1458
Manchester,831.36,Shared property,M50,"16/04/2023",0,0,0,Furnished,Student,No preference,"18","22",1479
Manchester,757.75,Flat share,M15,"16/04/2023",0,4,0,Furnished,Student,No preference,,,1503
Manchester,1299.00,Flat share,M1,"29/04/2023",13,3,4,Furnished,Don't mind,No preference,"18","65",1161
Manchester,952.60,House share,M16,"28/05/2023",42,3,0,Furnished,Don't mind,No preference,"18","50",1162
Manchester,952.60,Flat rent,M28,"22/04/2023",6,6,0,Furnished,Don't mind,No preference,,,1163
Manchester,779.40,House share,M14,"16/04/2023",0,1,6,Furnished,Professional,No preference,"25","40",1530
Manchester,1082.50,Flat share,M1,"13/05/2023",27,0,4,Furnished,Don't mind,Female,,,1185
Manchester,809.71,Flat share,M1,"01/05/2023",15,4,4,Furnished,Student,No preference,,,1188
Manchester,541.25,House share,M7,"01/07/2023",76,12,0,Furnished,Student,No preference,,,1189
Manchester,757.75,House share,M15,"16/04/2023",0,0,1,Furnished,Don't mind,No preference,"18","40",1535
Manchester,1221.06,Flat share,M1,"04/06/2023",49,3,3,Furnished,Don't mind,No preference,,,1205
Manchester,627.85,House share,M22,"22/04/2023",6,0,0,Furnished,Professional,No preference,"18","65",1221
Manchester,757.75,House share,M22,"16/04/2023",0,0,0,Furnished,Don't mind,No preference,"18","66",1541
Manchester,476.30,Flat rent,M15,"15/05/2023",29,3,4,Part Furnished,Student,No preference,,,1232
Manchester,757.75,Flat share,M60,"08/06/2023",53,0,3,Furnished,Student,No preference,,,1233
Manchester,610.53,Flat share,M13,"08/06/2023",53,1,3,Furnished,Don't mind,Female,,,1244
Manchester,497.95,Flat share,M14,"08/07/2023",83,6,12,Furnished,Don't mind,No preference,"20","35",1257
Manchester,1082.50,House share,M12,"16/04/2023",0,0,0,Furnished,Don't mind,No preference,"18",,1574
Manchester,541.25,Flat share,M45,"30/04/2023",14,4,36,Furnished,Don't mind,No preference,"18","65",1275
Manchester,606.20,House share,M14,"01/07/2023",76,12,0,Furnished,Student,No preference,"18","40",1276
Manchester,796.72,Flat share,M15,"16/04/2023",0,0,6,Furnished,Student,Female,,,1579
Manchester,541.25,House share,M16,"16/04/2023",0,6,0,Furnished,Professional,No preference,"22","62",1588
Manchester,549.91,House share,M14,"01/07/2023",76,0,10,Furnished,Don't mind,No preference,,"30",1301
Manchester,623.52,Flat share,M14,"16/04/2023",0,0,3,Furnished,Don't mind,No preference,,,1595
Manchester,666.82,Flat share,M6,"27/05/2023",41,0,3,Furnished,Student,No preference,,,1307
Manchester,666.82,Flat rent,M4,"27/05/2023",41,6,6,Part Furnished,Professional,No preference,,,1308
Manchester,714.45,Flat share,M15,"18/06/2023",63,1,3,Furnished,Don't mind,No preference,,,1310
Manchester,801.05,Flat share,M4,"07/05/2023",21,2,0,Furnished,Professional,No preference,"25","60",1318
Manchester,497.95,Flat share,M8,"16/04/2023",0,1,0,Furnished,Professional,Female,"20","40",1606
Manchester,497.95,House share,M40,"21/04/2023",5,0,0,Furnished,Don't mind,No preference,,,1339
Manchester,714.45,Flat share,M4,"02/05/2023",16,0,0,Furnished,Student,No preference,,,1340
Manchester,619.19,Flat share,M13,"16/04/2023",0,0,6,Furnished,Student,No preference,"18","25",1613
Manchester,519.60,House share,M14,"01/07/2023",76,10,12,Furnished,Don't mind,No preference,"18","50",1344
Manchester,497.95,House share,M14,"01/07/2023",76,10,12,Furnished,Don't mind,No preference,"20","50",1345
Manchester,433.00,House share,M45,"16/04/2023",0,3,0,Furnished,Professional,No preference,"30","65",1637
Manchester,1082.50,Flat share,M5,"16/04/2023",0,0,1,Furnished,Don't mind,No preference,,,1640
Manchester,866.00,Flat share,M13,"01/05/2023",15,0,4,Furnished,Don't mind,No preference,,,1363
Manchester,904.97,Flat share,M15,"16/04/2023",0,0,5,Furnished,Don't mind,Female,,,1648
Manchester,779.40,House share,M9,"16/04/2023",0,0,0,Furnished,Don't mind,No preference,,,1666
Manchester,433.00,House share,M19,"20/07/2023",95,0,0,Furnished,Don't mind,Female,"21",,1378
Manchester,515.27,Flat share,M19,"16/04/2023",0,0,0,Furnished,Student,Female,"18","18",1699
Manchester,554.24,Flat share,M14,"22/05/2023",36,2,2,Furnished,Student,No preference,,,1399
Manchester,688.47,Flat share,M6,"17/04/2023",1,4,4,Furnished,Don't mind,No preference,,,1412
Manchester,688.47,Flat rent,M1,"09/09/2023",146,12,0,Furnished,Don't mind,No preference,,,1413
Manchester,1060.85,House share,M6,"18/04/2023",2,0,2,Furnished,Don't mind,Female,"19","40",1425
Manchester,692.80,House share,M14,"03/06/2023",48,12,12,Furnished,Student,Female,"18","26",1432
Manchester,519.60,House share,M25,"16/04/2023",0,3,0,Furnished,Don't mind,No preference,,,1701
Manchester,744.76,Flat share,M14,"01/05/2023",15,0,0,Furnished,Student,No preference,,,1436
Manchester,701.46,Flat share,M1,"12/07/2023",87,0,0,Furnished,Student,Female,,,1443
Manchester,926.62,Flat share,M15,"01/06/2023",46,1,2,Furnished,Don't mind,No preference,"18","90",1446
Manchester,541.25,House share,M20,"14/05/2023",28,6,0,Furnished,Professional,No preference,"18","35",1455
Manchester,562.90,House share,M33,"16/04/2023",0,10,36,Furnished,Don't mind,No preference,"18","99",1704
Manchester,848.68,House share,M16,"16/04/2023",0,1,2,Furnished,Professional,No preference,"25","45",1717
Manchester,866.00,Flat share,M1,"16/04/2023",0,3,4,Furnished,Don't mind,No preference,,,1727
Manchester,714.45,Flat share,M14,"01/06/2023",46,0,0,Furnished,Student,No preference,,,1504
Manchester,671.15,House share,M14,"01/07/2023",76,12,12,Furnished,Student,Female,"18","22",1509
Manchester,476.30,House share,M14,"01/07/2023",76,12,12,Furnished,Don't mind,No preference,,,1513
Manchester,476.30,Flat rent,M1,"12/06/2023",57,2,2,Furnished,Student,No preference,,,1514
Manchester,684.14,Flat share,M14,"08/06/2023",53,1,1,Furnished,Student,Female,"18","26",1521
Manchester,736.10,House share,M19,"16/04/2023",0,0,4,Furnished,Don't mind,No preference,,,1742
Manchester,853.01,Shared property,M60,"07/06/2023",52,3,3,Furnished,Student,No preference,"18","99",1531
Manchester,866.00,Flat share,M13,"01/07/2023",76,1,2,Furnished,Student,No preference,,,1532
Manchester,995.90,Flat rent,M15,"16/04/2023",0,0,0,Unfurnished,Don't mind,No preference,,,1745
Manchester,627.85,Flat share,M13,"16/04/2023",0,3,3,Furnished,Don't mind,No preference,,,1748
Manchester,822.70,House share,M13,"16/09/2023",153,6,12,Furnished,Don't mind,No preference,"20","55",1553
Manchester,541.25,Flat share,M50,"20/04/2023",4,0,12,Furnished,Professional,No preference,"24","40",1563
Manchester,909.30,Flat share,M1,"29/05/2023",43,0,3,Furnished,Don't mind,No preference,,,1568
Manchester,627.85,Flat rent,M15,"16/04/2023",0,0,0,Furnished,Student,No preference,,,1749
Manchester,562.90,Shared property,M24,"16/04/2023",0,6,12,Furnished,Professional,No preference,"21",,1752
Manchester,757.75,Flat share,M1,"27/06/2023",72,2,2,Furnished,Student,No preference,,,1584
Manchester,433.00,House share,M28,"16/04/2023",0,0,0,Furnished,Professional,No preference,"25",,1763
Manchester,766.41,Flat share,M14,"16/04/2023",0,4,4,Furnished,Don't mind,No preference,,,1764
Manchester,822.70,Flat share,M1,"24/04/2023",8,0,0,Furnished,Don't mind,No preference,,,1600
Manchester,736.10,House share,M43,"16/04/2023",0,6,36,Furnished,Professional,Female,"25","60",1767
Manchester,649.50,Flat share,M11,"16/04/2023",0,0,3,Furnished,Don't mind,No preference,,,1776
Manchester,541.25,House share,M14,"06/09/2023",143,10,10,Furnished,Don't mind,No preference,"18","25",1624
Manchester,519.60,House share,M27,"30/04/2023",14,0,2,Furnished,Don't mind,No preference,"18",,1625
Manchester,606.20,Flat share,M5,"16/04/2023",0,0,0,Furnished,Don't mind,No preference,"25",,1786
Manchester,692.80,Flat share,M13,"16/04/2023",0,0,5,Furnished,Student,No preference,,,1798
Manchester,948.27,Flat share,M17,"10/07/2023",85,0,0,Furnished,Don't mind,No preference,,,1647
Manchester,692.80,Flat rent,M4,"16/04/2023",0,1,5,Furnished,Professional,No preference,,,1799
Manchester,476.30,House share,M20,"29/04/2023",13,6,0,Furnished,Don't mind,No preference,,,1653
Manchester,541.25,Flat share,M1,"16/04/2023",0,0,0,Furnished,Don't mind,No preference,,,1802
Manchester,757.75,House share,M19,"22/04/2023",6,0,0,Furnished,Don't mind,No preference,"18","65",1668
Manchester,458.98,House share,M14,"19/07/2023",94,12,12,Furnished,Student,No preference,"19","22",1683
Manchester,874.66,Flat share,M50,"01/05/2023",15,5,5,Furnished,Student,No preference,,,1687
Manchester,775.07,Flat share,M1,"16/04/2023",0,5,5,Furnished,Don't mind,No preference,,,1811
Manchester,476.30,House share,M41,"16/04/2023",0,3,12,Furnished,Don't mind,No preference,"21","50",1947
Manchester,606.20,Flat share,M7,"16/04/2023",0,0,3,Furnished,Don't mind,No preference,"22","65",1952
Manchester,866.00,Flat share,M3,"17/04/2023",1,1,3,Furnished,Student,Female,"18","25",1715
Manchester,2381.50,Flat share,M19,"16/04/2023",0,6,12,Furnished,Don't mind,Female,"25","50",1955
Manchester,2381.50,Flat rent,M14,"16/04/2023",0,6,0,Furnished,Don't mind,No preference,,,1956
Manchester,866.00,Flat rent,M15,"28/04/2023",12,12,12,Furnished,Don't mind,No preference,,,1728
Manchester,523.93,House share,M14,"01/07/2023",76,12,12,Furnished,Student,No preference,,,1736
Manchester,822.70,House share,M6,"16/04/2023",0,0,0,Furnished,Professional,Female,"18","50",1957
Manchester,995.90,Flat share,M13,"03/09/2023",140,12,12,Furnished,Don't mind,No preference,,,1743
Manchester,995.90,House rent,M14,"01/07/2023",76,6,0,Part Furnished,Don't mind,No preference,,,1744
Manchester,1095.49,Flat share,M13,"16/04/2023",0,3,0,Furnished,Don't mind,No preference,,,1958
Manchester,433.00,Flat share,M40,"16/04/2023",0,1,3,Furnished,Don't mind,No preference,"18","50",1965
Manchester,749.09,Flat share,M15,"16/04/2023",0,0,5,Furnished,Student,No preference,,,1977
Manchester,649.50,Shared property,M14,"16/04/2023",0,0,2,Furnished,Professional,No preference,"25","50",1989
Manchester,519.60,Flat rent,M35,"16/04/2023",0,0,0,Unfurnished,Don't mind,No preference,,,2015
Manchester,433.00,Flat share,M14,"01/07/2023",76,12,0,Furnished,Student,No preference,,,1755
Manchester,433.00,House share,M22,"16/04/2023",0,0,0,Furnished,Don't mind,No preference,,,2030
Manchester,779.40,Flat share,M60,"16/04/2023",0,0,6,Furnished,Student,No preference,,,2048
Manchester,731.77,House share,M13,"16/04/2023",0,3,6,Furnished,Professional,No preference,,,2049
Manchester,736.10,House rent,M6,"10/07/2023",85,3,0,Part Furnished,Professional,No preference,,,1768
Manchester,541.25,House share,M13,"16/04/2023",0,1,0,Furnished,Don't mind,Female,"20","55",2051
Manchester,844.35,House share,M6,"16/04/2023",0,0,0,Furnished,Don't mind,No preference,,,2052
Manchester,822.70,Flat share,M14,"09/09/2023",146,0,11,Furnished,Student,No preference,"18","28",1787
Manchester,541.25,House share,M16,"16/04/2023",0,0,0,Furnished,Professional,No preference,,,2057
Manchester,866.00,House share,M13,"16/04/2023",0,4,12,Furnished,Don't mind,Female,,,2058
Manchester,649.50,Flat share,M16,"17/05/2023",31,0,2,Furnished,Don't mind,No preference,"25",,1808
Manchester,822.70,Flat share,M1,"01/06/2023",46,0,3,Furnished,Don't mind,Female,"18","41",1813
Manchester,822.70,Flat share,M1,"01/06/2023",46,0,0,Furnished,Don't mind,No preference,"18","80",1815
Manchester,562.90,Flat share,M15,"10/06/2023",55,3,3,Furnished,Don't mind,Female,,"30",1817
Manchester,562.90,Flat rent,M15,"01/06/2023",46,1,3,Furnished,Student,No preference,,,1818
Manchester,779.40,Flat share,M15,"19/05/2023",33,2,2,Furnished,Student,No preference,"18","30",1821
Manchester,476.30,House share,M18,"27/04/2023",11,0,6,Furnished,Don't mind,No preference,"18","60",1874
Manchester,515.27,House share,M40,"26/04/2023",10,0,6,Furnished,Don't mind,No preference,"18","65",1875
Manchester,757.75,Flat share,M1,"10/06/2023",55,0,0,Furnished,Don't mind,No preference,,,1884
Manchester,619.19,House share,M14,"01/07/2023",76,12,12,Furnished,Student,No preference,"18","21",1933
Manchester,818.37,Flat share,M1,"03/09/2023",140,11,0,Furnished,Don't mind,No preference,,,1935
Manchester,649.50,Flat rent,M15,"01/07/2023",76,10,0,Part Furnished,Don't mind,No preference,,,1945
Manchester,649.50,House share,M7,"20/04/2023",4,0,0,Furnished,Professional,No preference,"18","65",1951
Manchester,649.50,House share,M14,"20/08/2023",126,10,0,Furnished,Don't mind,No preference,"18","49",1995
Manchester,649.50,Flat rent,M15,"19/06/2023",64,10,0,Furnished,Don't mind,No preference,,,1996
Manchester,649.50,Flat share,M14,"08/07/2023",83,10,0,Furnished,Don't mind,No preference,"18","40",1997
Manchester,649.50,House share,M14,"08/07/2023",83,10,0,Furnished,Don't mind,No preference,"20","40",1998
Manchester,519.60,Flat share,M14,"01/07/2023",76,0,2,Furnished,Don't mind,No preference,,,2014
Manchester,649.50,House share,M14,"20/08/2023",126,10,0,Furnished,Don't mind,No preference,"18","50",2042
Manchester,649.50,House share,M18,"04/06/2023",49,6,0,Furnished,Don't mind,No preference,"20","40",2043
Manchester,541.25,House share,M14,"08/08/2023",114,6,12,Furnished,Don't mind,Female,"20","35",2045
Manchester,476.30,House share,M14,"19/07/2023",94,10,12,Furnished,Student,No preference,"20","35",2047
Manchester,649.50,House share,M20,"16/04/2023",0,3,0,Furnished,Professional,Male,"25","55",1812
Manchester,541.25,Flat share,M25,"16/04/2023",0,3,24,Unfurnished,Don't mind,No preference,,,1816
Manchester,627.85,Flat share,M14,"16/04/2023",0,3,4,Furnished,Student,No preference,,,1825
Manchester,779.40,Flat share,M19,"16/04/2023",0,0,0,Furnished,Don't mind,No preference,,,1828
Manchester,779.40,House rent,M14,"16/04/2023",0,0,0,Furnished,Don't mind,No preference,,,1829
Manchester,541.25,Flat share,M26,"16/04/2023",0,0,0,Furnished,Don't mind,No preference,,,1832
Manchester,623.52,Flat share,M5,"16/04/2023",0,0,3,Furnished,Don't mind,No preference,,"20",1846
Manchester,1082.50,Flat share,M4,"16/04/2023",0,2,0,Furnished,Don't mind,No preference,"21",,1878
Manchester,1065.18,Flat share,M50,"16/04/2023",0,0,8,Furnished,Student,No preference,"18","25",1879
Manchester,610.53,Flat share,M14,"16/04/2023",0,3,3,Furnished,Student,Male,"18","25",1883
Manchester,688.47,Flat share,M14,"16/04/2023",0,3,0,Furnished,Don't mind,No preference,,,1895
Manchester,541.25,Flat share,M32,"16/04/2023",0,0,0,Furnished,Don't mind,Male,"18","60",1903
Manchester,649.50,House share,M11,"16/04/2023",0,0,3,Furnished,Professional,No preference,,,1908
Manchester,671.15,Flat share,M14,"16/04/2023",0,0,5,Furnished,Student,No preference,,,1914
Manchester,649.50,Flat share,M12,"16/04/2023",0,3,3,Furnished,Professional,No preference,"25","55",1915
Manchester,1082.50,Flat share,M7,"16/04/2023",0,0,0,Furnished,Don't mind,No preference,"18","99",1918
Manchester,584.55,Flat share,M3,"16/04/2023",0,8,8,Unfurnished,Don't mind,Female,,"25",1941
Manchester,649.50,House share,M14,"16/04/2023",0,10,12,Furnished,Don't mind,No preference,"20","40",1944
